term_id,word
0,taught
1,catania
2,colleoni
3,reput
4,innov
5,guangzhou
6,draw
7,passioni
8,alfonso
9,maratea
10,leas
11,temporari
12,punctual
13,complic
14,prior
15,tenaci
16,silvia
17,millefeuil
18,boat
19,nicastro
20,fiorella
21,marzipan
22,mirabella
23,exot
24,asado
25,1885
26,brunel
27,riesl
28,competit
29,embrac
30,platform
31,inter
32,therasia
33,lele
34,metullio
35,instantli
36,outlet
37,sannio
38,serendib
39,nephew
40,whip
41,sandwich
42,barbanera
43,starter
44,appealingli
45,fiat
46,emanuel
47,articl
48,mid20c
49,defin
50,postwar
51,provinc
52,within
53,coldana
54,wroughtiron
55,withsolinawheat
56,missoltino
57,fino
58,600
59,seek
60,krug
61,trattoriacumdelicatessen
62,scaligero
63,emilia
64,bolognes
65,stara
66,boschi
67,agostino
68,177
69,seminari
70,oili
71,tuma
72,chri
73,sector
74,hasnt
75,flock
76,torregrotta
77,florentin
78,impli
79,limit
80,tonnato
81,cacciag
82,parsley
83,toni
84,cost
85,dire
86,angioino
87,spectrum
88,panzanella
89,distanc
90,rais
91,grove
92,zeromil
93,chestnut
94,toffe
95,venosta
96,ox
97,nb
98,1969
99,seeport
100,pintadera
101,linear
102,paid
103,somewhat
104,exposedston
105,arent
106,crisci
107,maial
108,bellini
109,piccola
110,pastalov
111,zanini
112,coada
113,bar
114,indic
115,minestra
116,inclmo
117,candlelit
118,sile
119,manti
120,candela
121,princip
122,dolc
123,accumul
124,master
125,cotoletta
126,maturato
127,giusepp
128,estatecumagriturismo
129,galeata
130,occasion
131,predinn
132,scalera
133,cavour
134,pescara
135,partner
136,excellentcima
137,snugli
138,amaro
139,distinct
140,chimichurri
141,basement
142,rovereto
143,overli
144,gatto
145,enrico
146,cheesebas
147,appreci
148,infin
149,pompeo
150,peel
151,marzamemi
152,fausto
153,porto
154,ramatacopp
155,valuabl
156,caper
157,heard
158,elich
159,caciocavallo
160,rehabilit
161,strozzi
162,campo
163,viterbo
164,taken
165,slowcook
166,finanziera
167,museo
168,battl
169,sposito
170,spectacular
171,60km
172,milazzo
173,enzo
174,pattern
175,onyx
176,son
177,devot
178,smallest
179,butcher
180,danc
181,follina
182,allencompass
183,rampant
184,dens
185,peppermint
186,baccala
187,praianes
188,siena
189,venic
190,maccheroncini
191,piola
192,pancetta
193,ghezzi
194,pisciotta
195,brindo
196,staff
197,pastureland
198,isola
199,gianni
200,movement
201,rustic
202,antich
203,possibl
204,interact
205,lepor
206,lasina
207,ugolotti
208,prest
209,russo
210,coastal
211,toplevel
212,prosdocimi
213,scrupul
214,floral
215,whether
216,caf
217,lagunamar
218,sofa
219,150th
220,concern
221,mustvisit
222,meanwhil
223,fossombron
224,giannuzzi
225,milanes
226,charmingli
227,modugno
228,philip
229,code
230,textil
231,meringu
232,dalpeggio
233,resid
234,svetoni
235,regularli
236,organ
237,deepgold
238,romagna
239,catfish
240,delicatessen
241,denomin
242,sauri
243,exampl
244,borsa
245,issu
246,suprem
247,cuoco
248,randazzo
249,bore
250,underst
251,50ha
252,distract
253,brazil
254,vecchio
255,profus
256,brezza
257,seven
258,chiesa
259,cinema
260,ahim
261,nich
262,warmth
263,bass
264,london
265,daniel
266,colli
267,cornerston
268,cuttlefish
269,flere
270,digestif
271,benaco
272,return
273,lava
274,bulwark
275,next
276,bravo
277,inglesea
278,melt
279,subida
280,onward
281,woodland
282,wholem
283,benefit
284,takeaway
285,modifi
286,cocktail
287,passageway
288,gucci
289,colucci
290,kondo
291,7
292,appetis
293,juke
294,merlot
295,mapl
296,teal
297,pappai
298,allus
299,fact
300,privat
301,offici
302,unrival
303,chalk
304,gimignano
305,campanella
306,chronopoulo
307,lombardian
308,calvisano
309,rampina
310,talk
311,come
312,palazzo
313,venart
314,repubblica
315,walnut
316,laltrettanto
317,halfhour
318,peat
319,sutri
320,nobilt
321,mirto
322,gurnard
323,rag
324,roof
325,farewel
326,greener
327,mancino
328,someth
329,cathedr
330,first
331,isol
332,oliva
333,juan
334,char
335,prefer
336,fiumicino
337,cabbag
338,francesco
339,baron
340,anghiari
341,centrestag
342,mantarro
343,daili
344,bread
345,28
346,tip
347,novara
348,rocco
349,calm
350,tourism
351,berghotel
352,bistrot
353,meatprocess
354,falco
355,mauricio
356,saltwort
357,leccardastyl
358,theatr
359,colombano
360,alreadi
361,terrainterest
362,evok
363,sardinian
364,gianpaolo
365,arnaldo
366,guess
367,cater
368,lanzellotti
369,gianicolo
370,entrepreneur
371,alcohol
372,coxinendicook
373,baldassarr
374,tataki
375,atzeni
376,halfitalian
377,high
378,aurina
379,predict
380,du
381,kerkira
382,meravigliao
383,breath
384,40yearold
385,dynasti
386,waiter
387,iconica
388,medici
389,antica
390,problem
391,loft
392,1934
393,horsemeat
394,rucola
395,oleand
396,musso
397,iacobucci
398,brainchild
399,flavor
400,sapio
401,tubladel
402,pressati
403,flask
404,templ
405,rizzo
406,montalcino
407,nut
408,grown
409,1800
410,puff
411,1922
412,conero
413,residentialstyl
414,gerli
415,summaris
416,ricebas
417,spill
418,signorini
419,femal
420,spot
421,frutti
422,monachil
423,bouillabaissestyl
424,copper
425,adject
426,bacon
427,casa
428,paccheri
429,hazelnut
430,enviabl
431,fridg
432,loungecumwin
433,awardwin
434,fallen
435,trafficlimit
436,retro
437,vistamar
438,rosso
439,liter
440,broader
441,bulk
442,multimichelinstar
443,1982
444,bento
445,foot
446,17c
447,cannavacciuolo
448,aficionado
449,depoca
450,rind
451,golfo
452,bistecca
453,histaralliand
454,lucca
455,cajinci
456,playground
457,riomaggior
458,straordinario
459,tandoori
460,galtarossa
461,hanger
462,multi
463,exposedbrick
464,lumira
465,may
466,hinterland
467,armani
468,sebada
469,vale
470,bernardo
471,salad
472,foodlov
473,sbira
474,cetona
475,alcov
476,dio
477,larch
478,outset
479,degre
480,panoram
481,distinguish
482,tradit
483,raf
484,happili
485,adriat
486,forc
487,fregula
488,groan
489,space
490,iaccarino
491,gyoza
492,uphold
493,rout
494,del
495,modica
496,libertystyl
497,somewher
498,counter
499,lanza
500,arancino
501,demand
502,shrub
503,termeno
504,senal
505,mariella
506,vico
507,classiccontemporari
508,anima
509,emigr
510,break
511,lit
512,michelino
513,justifi
514,sulmona
515,tenerumi
516,pievasciata
517,norcia
518,valdess
519,timelessli
520,allround
521,moriggi
522,trent
523,sacristi
524,blind
525,aeolian
526,fleme
527,vigilio
528,realiti
529,dori
530,fortunato
531,forl
532,unexpect
533,gragnano
534,serena
535,unfold
536,method
537,fee
538,collio
539,song
540,corridor
541,mirella
542,pacif
543,hamlet
544,prevail
545,noth
546,timbal
547,narrowest
548,umbrin
549,limeston
550,nicknam
551,tastingstyl
552,cheek
553,belludia
554,giulio
555,lacco
556,biuso
557,villag
558,duck
559,dario
560,offanengo
561,cracco
562,mazara
563,necessarili
564,orti
565,torri
566,sister
567,abound
568,array
569,brioch
570,meet
571,storia
572,crippa
573,superbl
574,calabria
575,one
576,naiv
577,croce
578,proceed
579,byzantin
580,salada
581,kong
582,friday
583,vibrant
584,beneath
585,rural
586,misl
587,produc
588,artichok
589,buzarastyl
590,twomichelinstar
591,pleasur
592,strong
593,baba
594,cistern
595,siracusa
596,plaza
597,montesestyl
598,cavalhorsemeat
599,often
600,revisit
601,birthplac
602,shorelin
603,mutuo
604,maranello
605,gold
606,ii
607,appoint
608,castelvecchio
609,anyth
610,1887
611,suvereto
612,sforzesco
613,reduc
614,far
615,fore
616,maccheroni
617,gabriel
618,lago
619,santandrea
620,saporito
621,1977
622,clue
623,cuttingedg
624,morti
625,sformatino
626,cicognolo
627,eateri
628,eben
629,bid
630,pink
631,hover
632,angelica
633,without
634,tini
635,picnic
636,waltz
637,nightclubcumloung
638,lili
639,gaspari
640,signific
641,reggiana
642,castelfranco
643,luca
644,ps
645,career
646,chicco
647,annex
648,finest
649,straight
650,englishstyl
651,creami
652,consequ
653,sweetandsour
654,artemid
655,husband
656,cerea
657,pool
658,noodl
659,superb
660,soften
661,deco
662,600m
663,stonevault
664,habsburg
665,alla
666,1877
667,albertina
668,ottog
669,thousandyearold
670,her
671,metr
672,vais
673,miraval
674,fazio
675,tret
676,spider
677,spellbound
678,fuenti
679,greatgrandfath
680,meaning
681,merlo
682,sarzana
683,15
684,appar
685,smetana
686,zur
687,hazel
688,serina
689,advic
690,joint
691,shorter
692,sigilinium
693,overcom
694,tone
695,veranda
696,heartili
697,zero
698,maintain
699,row
700,fantasi
701,she
702,crackl
703,spain
704,1945
705,36month
706,completata
707,suzuki
708,mix
709,cesenatico
710,minnuzza
711,skewer
712,ethic
713,bolsena
714,beli
715,kal
716,friggitello
717,napoli
718,viaggi
719,climat
720,brill
721,smile
722,remark
723,allevato
724,georg
725,santangelo
726,huge
727,annurca
728,tablewar
729,lo
730,posti
731,700
732,bufala
733,surviv
734,calamaro
735,marmot
736,clime
737,caltagiron
738,seemingli
739,engel
740,neri
741,simonato
742,candiano
743,giudecca
744,sprout
745,contemporanea
746,rispoli
747,1478
748,gentli
749,biscotti
750,column
751,afterdinn
752,junior
753,control
754,protagonist
755,introduc
756,relationship
757,literatur
758,introduct
759,savio
760,planeta
761,multifacet
762,trovato
763,ciociara
764,easier
765,seduc
766,copiou
767,predilect
768,susci
769,monferrini
770,pappa
771,emot
772,theadriatico
773,amalfi
774,cri
775,dusk
776,sensit
777,acoust
778,gerhard
779,chessa
780,sake
781,track
782,raspberri
783,tegamaccio
784,prolong
785,discov
786,directli
787,cipressi
788,devoto
789,pipe
790,pellegrino
791,near
792,sicilia
793,2024two
794,monterosso
795,appropri
796,trabalzini
797,wealth
798,itali
799,spruce
800,cliff
801,asbacari
802,pietro
803,gardencumol
804,obsess
805,honour
806,incred
807,cutlet
808,hut
809,intorcia
810,mexican
811,sard
812,samboseto
813,apprenticeship
814,felic
815,grandmoth
816,oasi
817,soundtrack
818,bainmari
819,free
820,starck
821,probabl
822,calett
823,dock
824,giovanna
825,cristina
826,throughout
827,spin
828,genoves
829,enclav
830,teishokuset
831,amerigo
832,merchant
833,bolognina
834,crown
835,brand
836,muchvisit
837,arso
838,abbrevi
839,provid
840,bino
841,capannori
842,item
843,fumag
844,respect
845,explan
846,filippetto
847,seawe
848,stove
849,anita
850,might
851,counterpart
852,dallorto
853,apart
854,light
855,piero
856,inevit
857,terni
858,liguria
859,carn
860,vital
861,maglio
862,canderli
863,goos
864,open
865,bardini
866,fullbodi
867,etc
868,vista
869,earthi
870,coda
871,member
872,fassa
873,group
874,hill
875,monkfish
876,casserol
877,trolley
878,spiritu
879,comandant
880,mauro
881,immortalis
882,clearli
883,spite
884,osmosi
885,marmalad
886,surgic
887,feltr
888,alcherm
889,founder
890,luxuri
891,neighbourhood
892,daya
893,loop
894,ristoclub
895,sushistyl
896,specialis
897,impos
898,torsiello
899,marzano
900,citi
901,treviso
902,crenel
903,friendli
904,11
905,petal
906,rho
907,cedroni
908,wont
909,laurel
910,nourish
911,cherri
912,septemb
913,ischianstyl
914,milanesebread
915,nearbi
916,way
917,glori
918,freeli
919,sort
920,tragara
921,discreetli
922,sprinkl
923,fishmong
924,ronchi
925,outdoorallariain
926,cashew
927,1865
928,appeal
929,maritim
930,mustard
931,bu
932,voyag
933,deepli
934,flawless
935,cumin
936,bowl
937,peanut
938,beverag
939,lucchesi
940,head
941,irpinia
942,sens
943,mean
944,all
945,lai
946,help
947,custard
948,opt
949,accomplish
950,accompani
951,colmetto
952,focus
953,renown
954,stretch
955,explain
956,vers
957,orta
958,brunner
959,pico
960,1970
961,au
962,luciana
963,bakeri
964,pollenzo
965,vin
966,curtaton
967,dinfanzia
968,nina
969,salar
970,coast
971,bao
972,gricia
973,belong
974,net
975,la
976,hydroelectr
977,tortino
978,klaud
979,1956
980,cognac
981,becom
982,sinc
983,calandrino
984,belveder
985,birthday
986,citru
987,perch
988,muddica
989,perciasacchi
990,triest
991,fundament
992,leon
993,sui
994,seggiano
995,hlne
996,bislacco
997,undiminish
998,deck
999,valerio
1000,shelter
1001,southern
1002,sweetbread
1003,cantucci
1004,hectar
1005,matscher
1006,trentinoalto
1007,parent
1008,annunziata
1009,vast
1010,sassongh
1011,meal
1012,raviolo
1013,detract
1014,romagnol
1015,gra
1016,caoda
1017,bought
1018,respons
1019,fulltim
1020,person
1021,costum
1022,nuvola
1023,paola
1024,wood
1025,breadstick
1026,boundari
1027,vito
1028,heavi
1029,biscuit
1030,adher
1031,cash
1032,ring
1033,trabe
1034,ricotta
1035,25th
1036,azienda
1037,sea
1038,quintessenti
1039,parretti
1040,thousand
1041,provolon
1042,cacciator
1043,museum
1044,lakefront
1045,milanesi
1046,becam
1047,swim
1048,salsa
1049,shaken
1050,date
1051,multifunct
1052,zhou
1053,trademark
1054,scapecchi
1055,signor
1056,scomponibili
1057,magro
1058,coccia
1059,precis
1060,reclam
1061,twist
1062,ceramist
1063,toward
1064,simon
1065,9th
1066,floortoceil
1067,offthemenu
1068,nuova
1069,pandolfo
1070,drawer
1071,flaiano
1072,pu
1073,ragout
1074,penna
1075,neither
1076,previou
1077,thermal
1078,mazzafegato
1079,luisl
1080,stresa
1081,rhubarb
1082,courtyard
1083,rank
1084,fabrizia
1085,piano
1086,incorpor
1087,moi
1088,crouton
1089,piazzetta
1090,among
1091,studi
1092,tantri
1093,settembr
1094,marsupino
1095,regina
1096,document
1097,21
1098,grappoli
1099,subtli
1100,crme
1101,fritto
1102,cool
1103,cegli
1104,miki
1105,fusion
1106,carlo
1107,balsam
1108,aspic
1109,apostolo
1110,larin
1111,genova
1112,sparkl
1113,astra
1114,shift
1115,crispi
1116,also
1117,ferran
1118,dash
1119,fatjon
1120,gaudenzio
1121,angolo
1122,bestqual
1123,mayr
1124,qafiz
1125,mid
1126,thesplendid
1127,creativ
1128,puccini
1129,1991
1130,6c
1131,winegrow
1132,soon
1133,calistri
1134,wrong
1135,buzara
1136,follow
1137,mascarpon
1138,camia
1139,extra
1140,discoveri
1141,excel
1142,visibilio
1143,reli
1144,ma
1145,affido
1146,bound
1147,52
1148,spatula
1149,throw
1150,establish
1151,intestin
1152,numer
1153,mocellin
1154,partenop
1155,salerno
1156,highlevel
1157,hark
1158,refectori
1159,opposit
1160,concentr
1161,version
1162,adventur
1163,john
1164,professor
1165,japanes
1166,doc
1167,bean
1168,northwest
1169,lessenza
1170,buzz
1171,adjac
1172,dose
1173,cuneo
1174,150
1175,montefollonico
1176,vezzani
1177,canada
1178,henri
1179,admiss
1180,abbey
1181,perbellini
1182,tipico
1183,marri
1184,feltrin
1185,food
1186,link
1187,grasparossa
1188,reemerg
1189,softli
1190,cibreo
1191,serendipico
1192,frammentith
1193,1958
1194,lighten
1195,cartosio
1196,ahead
1197,baganza
1198,italianthem
1199,cannavino
1200,restaurateur
1201,picturepostcard
1202,runner
1203,peasant
1204,junip
1205,tonic
1206,cedro
1207,astut
1208,cover
1209,residenti
1210,ruggiero
1211,timeless
1212,lessinia
1213,overview
1214,recanati
1215,chanterel
1216,adjoin
1217,vittoria
1218,franca
1219,dove
1220,scottish
1221,simpler
1222,intent
1223,monach
1224,pekingstylemora
1225,vasariana
1226,cippi
1227,pepper
1228,ostiens
1229,postmodern
1230,join
1231,global
1232,nino
1233,antiqu
1234,twelv
1235,universit
1236,wineri
1237,brut
1238,case
1239,softer
1240,iwai
1241,montefusco
1242,caino
1243,trani
1244,dessert
1245,wasabi
1246,yoghurt
1247,cabl
1248,edoardo
1249,rocca
1250,shipyard
1251,motorway
1252,magist
1253,war
1254,divid
1255,wellknown
1256,beech
1257,age
1258,suburb
1259,daughter
1260,sport
1261,countrysid
1262,santambrogio
1263,giarr
1264,venetianbcaro
1265,orient
1266,mural
1267,delsa
1268,terlano
1269,mood
1270,silvio
1271,fragrant
1272,streamlin
1273,good
1274,avocado
1275,noholdsbar
1276,neapolitanstyl
1277,mausoleum
1278,elderflow
1279,federico
1280,oper
1281,porticciolo
1282,furnitur
1283,cereal
1284,murgia
1285,vanilla
1286,futur
1287,terra
1288,patagonian
1289,vermentino
1290,andmortandelasalami
1291,baronal
1292,symbol
1293,purchas
1294,crayfish
1295,gran
1296,parker
1297,hot
1298,mantova
1299,landi
1300,lungarno
1301,addit
1302,daylight
1303,mind
1304,marianna
1305,matteo
1306,difficulti
1307,beluga
1308,transform
1309,microproduc
1310,contain
1311,santini
1312,characterist
1313,japan
1314,breda
1315,marbl
1316,1693
1317,elena
1318,carnian
1319,duckpastissada
1320,hilltop
1321,rariti
1322,option
1323,verd
1324,youd
1325,bagheria
1326,solaika
1327,land
1328,ticket
1329,fold
1330,week
1331,larossa
1332,blueandwhit
1333,macello
1334,antonino
1335,korean
1336,winepair
1337,battisti
1338,terrin
1339,special
1340,messina
1341,14
1342,soak
1343,vicina
1344,costantini
1345,glamour
1346,summer
1347,saltimbocca
1348,finetun
1349,fashion
1350,pasticcio
1351,ascent
1352,morello
1353,formerli
1354,hotel
1355,prais
1356,grouper
1357,winner
1358,acaja
1359,guardroom
1360,work
1361,apostelstub
1362,book
1363,sri
1364,steal
1365,satoshi
1366,rosmarino
1367,cloister
1368,ruffano
1369,novelti
1370,repertoir
1371,wherea
1372,exit
1373,daunt
1374,dannunzio
1375,murrua
1376,earli
1377,pianist
1378,poderi
1379,imit
1380,absinth
1381,apreda
1382,osteriastyl
1383,downhil
1384,popolo
1385,shiso
1386,ti
1387,ostentati
1388,hamachi
1389,paella
1390,handmad
1391,solar
1392,refriger
1393,rebirth
1394,marcello
1395,pignatelli
1396,malatesta
1397,environ
1398,murat
1399,centuri
1400,sommelierhead
1401,pickl
1402,richli
1403,scamardella
1404,orientali
1405,boost
1406,let
1407,biedermei
1408,souvenir
1409,1950
1410,castiglion
1411,assisi
1412,shave
1413,gem
1414,curri
1415,chieppa
1416,breakfast
1417,stuffi
1418,spanishstyl
1419,robi
1420,matares
1421,flank
1422,savoy
1423,christma
1424,nascosto
1425,gremolata
1426,fanci
1427,biodynam
1428,federica
1429,street
1430,happi
1431,redwin
1432,although
1433,volcano
1434,role
1435,fiamma
1436,prototyp
1437,primi
1438,aic
1439,feminin
1440,guidi
1441,email
1442,quest
1443,moorishstyl
1444,belt
1445,pinzolo
1446,metallifer
1447,buca
1448,york
1449,folli
1450,hour
1451,bougainvillea
1452,mayo
1453,enoteca
1454,osti
1455,locomot
1456,ambassador
1457,mundan
1458,falconier
1459,self
1460,sagrestia
1461,35
1462,motiv
1463,unannounc
1464,recipesth
1465,polystyren
1466,cardoon
1467,anolini
1468,che
1469,exquisit
1470,complet
1471,orchestr
1472,frosio
1473,common
1474,maurilio
1475,metro
1476,crop
1477,dv
1478,minimi
1479,comfort
1480,trattoriastyl
1481,withcicciolipork
1482,etna
1483,flight
1484,gasthau
1485,wellpres
1486,opul
1487,fond
1488,dongi
1489,stalwart
1490,vegetal
1491,eye
1492,macaroon
1493,omelett
1494,casamadr
1495,ateli
1496,lana
1497,baumgartn
1498,deconsecr
1499,solociccia
1500,treeshad
1501,outofthisworld
1502,szechuan
1503,cristo
1504,carrega
1505,mist
1506,arrang
1507,structur
1508,piec
1509,steiner
1510,entitl
1511,hiphop
1512,bare
1513,make
1514,asparagu
1515,british
1516,maiz
1517,iyo
1518,factori
1519,ladl
1520,arborina
1521,champagn
1522,david
1523,mar
1524,schio
1525,ossobucofil
1526,foundat
1527,rick
1528,classi
1529,recommend
1530,conceptbas
1531,benedikto
1532,singer
1533,ligur
1534,santo
1535,intoler
1536,compani
1537,croton
1538,blason
1539,allfemal
1540,leav
1541,vitello
1542,baroni
1543,recco
1544,takeshi
1545,fingerlim
1546,luri
1547,favorita
1548,loafpicaggeandpansottipasta
1549,sunni
1550,1957
1551,40
1552,businessstyl
1553,drip
1554,tomei
1555,tonn
1556,isarco
1557,redecor
1558,temperini
1559,pitosforo
1560,anchovi
1561,pietropaoli
1562,3c
1563,canocchia
1564,lord
1565,1996
1566,lid
1567,montagna
1568,presidiana
1569,garda
1570,loss
1571,brodo
1572,1966
1573,transatlant
1574,zarri
1575,villa
1576,monument
1577,penthousestyl
1578,bitter
1579,pleasantli
1580,formazza
1581,contin
1582,umberto
1583,nautilu
1584,pike
1585,sum
1586,beretta
1587,softshel
1588,brogna
1589,field
1590,carracci
1591,format
1592,though
1593,vegan
1594,preced
1595,mincio
1596,chitarra
1597,eleg
1598,pop
1599,marchesi
1600,spoleto
1601,parkhotel
1602,facelift
1603,plantthem
1604,chi
1605,everywher
1606,award
1607,schneider
1608,allaperto
1609,foremost
1610,20menu
1611,sourdough
1612,ive
1613,magona
1614,moessmer
1615,homecook
1616,academyaim
1617,dellannunziata
1618,tita
1619,cogliardo
1620,reassur
1621,wheel
1622,landscap
1623,scarello
1624,everevolv
1625,abruzzi
1626,kerm
1627,geniu
1628,tartlet
1629,trafilata
1630,bucchero
1631,giudia
1632,mathia
1633,sail
1634,creak
1635,pascucci
1636,burgundi
1637,season
1638,piccionea
1639,michelina
1640,ravioli
1641,spell
1642,ciclopi
1643,speed
1644,sbrisolonacak
1645,goe
1646,cuomo
1647,broke
1648,tuber
1649,postorino
1650,instruct
1651,agli
1652,sfogliatina
1653,stage
1654,ss13
1655,maze
1656,pfanner
1657,extraordinari
1658,gluten
1659,195060
1660,excellentplin
1661,fiordaliso
1662,nebrodi
1663,seen
1664,leemann
1665,valid
1666,leaven
1667,background
1668,531
1669,sukiyaki
1670,winebuff
1671,evoc
1672,tonola
1673,misurina
1674,vertical
1675,wast
1676,think
1677,verbena
1678,provenc
1679,dark
1680,imagin
1681,camilla
1682,scardina
1683,cramp
1684,1979
1685,creativo
1686,corn
1687,nazzarena
1688,montepulciano
1689,thesopa
1690,eleph
1691,pen
1692,flora
1693,sometim
1694,ferreri
1695,youll
1696,byron
1697,gaetano
1698,ciauscolo
1699,expertis
1700,steam
1701,cabinet
1702,ritorno
1703,lowland
1704,sorbet
1705,marrocco
1706,hint
1707,4cours
1708,nora
1709,contigliano
1710,piedmonteseinfluenc
1711,renownedarrosticini
1712,reggia
1713,campi
1714,zone
1715,doria
1716,1912
1717,highest
1718,polish
1719,lacemak
1720,unmistak
1721,golpaia
1722,operaia
1723,niccol
1724,rovati
1725,damask
1726,aliv
1727,rosewood
1728,famou
1729,11c
1730,peke
1731,postman
1732,1995
1733,nuov
1734,tafuri
1735,scene
1736,proudest
1737,southwest
1738,overflow
1739,occupi
1740,lionetti
1741,honey
1742,confini
1743,burger
1744,mouthwat
1745,robuchon
1746,comunal
1747,retain
1748,tend
1749,nod
1750,arabo
1751,immedi
1752,gulf
1753,stanzion
1754,took
1755,200th
1756,malga
1757,morelli
1758,wherev
1759,cart
1760,tobiko
1761,voce
1762,commun
1763,glassfront
1764,similarli
1765,salviati
1766,asfri
1767,nearest
1768,goodqual
1769,soya
1770,pastamak
1771,1990
1772,vignola
1773,tortellino
1774,tartarestyl
1775,ciliegi
1776,confirm
1777,lobster
1778,borromeo
1779,liveliest
1780,bianconi
1781,behind
1782,aspect
1783,mayb
1784,male
1785,deer
1786,1773
1787,vanessa
1788,suit
1789,escarol
1790,isabella
1791,gain
1792,frattaubread
1793,minimum
1794,miteco
1795,tonino
1796,perhap
1797,reconnect
1798,hidden
1799,falser
1800,masterchef
1801,croccantezza
1802,lugagnano
1803,ventresca
1804,forbu
1805,florian
1806,entic
1807,new
1808,decidedli
1809,class
1810,ala
1811,object
1812,sever
1813,zaccardi
1814,tavolara
1815,montoro
1816,ariel
1817,luciano
1818,terracotta
1819,trapanistyl
1820,photograph
1821,borgo
1822,capodifium
1823,vegetablemeat
1824,coat
1825,wellestablish
1826,tuff
1827,gel
1828,expon
1829,spaghetti
1830,pick
1831,ask
1832,biodivers
1833,doro
1834,mezz
1835,itscipolla
1836,capocollo
1837,takahiko
1838,campania
1839,place
1840,barley
1841,synagogu
1842,counterstyl
1843,josta
1844,langa
1845,sassi
1846,nobless
1847,lampascioni
1848,silenc
1849,velvetcov
1850,parlour
1851,meroi
1852,senator
1853,posto
1854,societ
1855,toledo
1856,grotto
1857,spleen
1858,unavoid
1859,salon
1860,experi
1861,bologna
1862,fivegrain
1863,arlecchino
1864,peter
1865,test
1866,puntarel
1867,nonetheless
1868,1939
1869,wend
1870,ochr
1871,colour
1872,35min
1873,pralin
1874,fiordilatt
1875,der
1876,modesti
1877,contrada
1878,morn
1879,confid
1880,pezzuto
1881,lucassino
1882,pete
1883,drape
1884,wieser
1885,builtin
1886,filia
1887,bacher
1888,norbert
1889,mattei
1890,monosilio
1891,doorbel
1892,fossaceca
1893,bazzano
1894,televis
1895,sceneri
1896,oil
1897,soul
1898,andgelato
1899,180
1900,ident
1901,europ
1902,lucio
1903,dot
1904,bell
1905,starstud
1906,capitaneo
1907,giorgia
1908,invit
1909,fairli
1910,diseo
1911,gu
1912,nunziata
1913,receiv
1914,tavern
1915,determin
1916,strombolicchio
1917,montecuccoli
1918,northamerican
1919,cooler
1920,depict
1921,barbato
1922,tourist
1923,pea
1924,1968
1925,mel
1926,dolcedo
1927,6
1928,heavili
1929,livia
1930,institut
1931,midday
1932,bonito
1933,aragones
1934,spaniard
1935,passeggiata
1936,trendi
1937,lengthi
1938,fillet
1939,emphasi
1940,cappuccino
1941,store
1942,lugano
1943,captiv
1944,diet
1945,cavales
1946,franciosi
1947,termini
1948,ortigia
1949,argentario
1950,scrubland
1951,gualtiero
1952,threshold
1953,wellprepar
1954,broast
1955,function
1956,4km
1957,2021
1958,mellino
1959,alongsid
1960,domenica
1961,fossa
1962,sirmion
1963,that
1964,avail
1965,morra
1966,chairman
1967,district
1968,scossoand
1969,park
1970,molis
1971,prosecco
1972,parasol
1973,away
1974,zanasi
1975,elabor
1976,bubbl
1977,underground
1978,lefay
1979,steep
1980,verbania
1981,weekend
1982,exist
1983,vibe
1984,flagship
1985,stagional
1986,passiria
1987,cv
1988,applic
1989,bomba
1990,bench
1991,albeit
1992,jetti
1993,tomahawk
1994,trio
1995,encompass
1996,ricorda
1997,realli
1998,padano
1999,aretusi
2000,quicker
2001,nowast
2002,naviglio
2003,golfi
2004,cagliari
2005,cardi
2006,winetast
2007,pachino
2008,oltrep
2009,crossvault
2010,celest
2011,vision
2012,monteriggioni
2013,fattoria
2014,filanda
2015,idyl
2016,barbara
2017,capitolo
2018,indaco
2019,genoveffa
2020,bourbon
2021,eugenio
2022,written
2023,hundr
2024,giampiero
2025,barbecuegril
2026,goldcolour
2027,tardiva
2028,tad
2029,borlotti
2030,cell
2031,leopard
2032,gallar
2033,beer
2034,columbu
2035,5star
2036,topfloor
2037,1967
2038,writer
2039,nigro
2040,mattiacci
2041,tunnel
2042,sorrento
2043,cheer
2044,power
2045,alajmo
2046,pot
2047,frigoriferi
2048,weak
2049,address
2050,particularli
2051,barcumrestaur
2052,me
2053,quail
2054,meadow
2055,chiavari
2056,chutney
2057,satisfi
2058,beauti
2059,bassi
2060,film
2061,stonebuilt
2062,divers
2063,saddl
2064,nois
2065,dentex
2066,inclement
2067,brought
2068,ealai
2069,dream
2070,includingsorbirfil
2071,fabric
2072,vertigin
2073,identifi
2074,diminut
2075,couldnt
2076,bishop
2077,equa
2078,lover
2079,tutto
2080,ancestr
2081,eighth
2082,matter
2083,shortli
2084,cutleri
2085,capres
2086,peak
2087,contrari
2088,forth
2089,delmont
2090,premis
2091,bue
2092,cuisinewhich
2093,enclos
2094,thegrand
2095,mudec
2096,highlight
2097,calderino
2098,eraclio
2099,villoresi
2100,soldier
2101,futurist
2102,souschef
2103,label
2104,thebacc
2105,standardbear
2106,charcoalgril
2107,latin
2108,moor
2109,1700
2110,built
2111,horsedrawn
2112,despit
2113,donato
2114,tumin
2115,angelhair
2116,mild
2117,recent
2118,gradual
2119,bellaria
2120,vincent
2121,wineenthusiast
2122,episod
2123,boil
2124,trentingrana
2125,ferment
2126,levanto
2127,ficotto
2128,sixti
2129,fountain
2130,threedish
2131,roughli
2132,mariapaola
2133,vulcano
2134,tantal
2135,outcrop
2136,proto
2137,ancestor
2138,creat
2139,uffizi
2140,farm
2141,farmhous
2142,cake
2143,1988
2144,stand
2145,eight
2146,frescada
2147,180hectar
2148,squar
2149,room
2150,auster
2151,stalk
2152,formichella
2153,carropont
2154,scabin
2155,2020
2156,lagoon
2157,still
2158,feast
2159,sculpt
2160,baretto
2161,exuber
2162,chees
2163,pe
2164,rule
2165,delici
2166,signum
2167,vita
2168,burkhard
2169,altitud
2170,front
2171,gola
2172,concept
2173,certosa
2174,550m
2175,mandura
2176,tworoom
2177,marewhich
2178,contemporaneo
2179,credit
2180,coll
2181,visibl
2182,tall
2183,herb
2184,teverini
2185,industri
2186,switzerland
2187,ultraclass
2188,yuzu
2189,sassoferrato
2190,veneto
2191,gainn
2192,sfogli
2193,quarter
2194,moma
2195,boccondivino
2196,calf
2197,posit
2198,chilli
2199,sound
2200,bustl
2201,touristfrequ
2202,narducci
2203,prosper
2204,poetri
2205,maccaron
2206,hear
2207,caught
2208,neck
2209,associ
2210,ameno
2211,vernaccia
2212,farra
2213,satnav
2214,quick
2215,nottobemiss
2216,tirtl
2217,joy
2218,tackl
2219,rizzi
2220,ringroad
2221,paulo
2222,waffl
2223,fisichella
2224,bay
2225,enter
2226,bordeaux
2227,white
2228,chair
2229,nin
2230,valtellines
2231,philipp
2232,welldeserv
2233,wander
2234,convinc
2235,piombino
2236,bordo
2237,marinara
2238,chocol
2239,thecasoltchees
2240,marini
2241,cafcumbistro
2242,revolv
2243,zass
2244,start
2245,gramigna
2246,somma
2247,magnific
2248,cantarelli
2249,wild
2250,cremona
2251,unexpectedli
2252,montal
2253,anonym
2254,r
2255,rel
2256,albergo
2257,amus
2258,alessandrina
2259,2019
2260,caterina
2261,19c
2262,fogolar
2263,gioconda
2264,caldura
2265,condo
2266,dresser
2267,scoprir
2268,emin
2269,african
2270,teodoro
2271,crystalclear
2272,36
2273,vodka
2274,53
2275,seri
2276,carricant
2277,imbu
2278,breadcrumb
2279,giorgio
2280,lucera
2281,preziosa
2282,warmer
2283,clement
2284,laguna
2285,pollock
2286,salvo
2287,sirmiano
2288,tyroles
2289,techniqu
2290,tumbl
2291,hue
2292,frantoio
2293,matur
2294,silvana
2295,low
2296,romagnola
2297,berri
2298,suggest
2299,commit
2300,8point
2301,pagliazza
2302,characteris
2303,suzzara
2304,ferretto
2305,surprisingli
2306,import
2307,osashimi
2308,plu
2309,oblig
2310,dellanfiteatro
2311,tofana
2312,consid
2313,gronchi
2314,commend
2315,silent
2316,7000
2317,baiocco
2318,grassi
2319,ounc
2320,guis
2321,includesard
2322,done
2323,abruzzo
2324,garlic
2325,sfoglin
2326,natalini
2327,pacchero
2328,paestum
2329,costa
2330,vatican
2331,francon
2332,babi
2333,heinz
2334,giacomello
2335,sanit
2336,relax
2337,basic
2338,santamonica
2339,falter
2340,teles
2341,spaghetton
2342,worthwhil
2343,milan
2344,peru
2345,reflect
2346,openview
2347,outing
2348,tray
2349,gambero
2350,tournedo
2351,ivan
2352,jamant
2353,born
2354,belgian
2355,coeliac
2356,comput
2357,campiello
2358,trofi
2359,8cours
2360,cant
2361,featur
2362,santerasmo
2363,side
2364,wellspacedout
2365,rgi
2366,genoesestyl
2367,motta
2368,perus
2369,darrostoor
2370,riscoperta
2371,accursio
2372,gratin
2373,freedom
2374,woodbeam
2375,monfort
2376,montefeltro
2377,hyatt
2378,sienes
2379,atturratasp
2380,aquarium
2381,environment
2382,spinach
2383,argentina
2384,cicchetti
2385,reminisc
2386,curli
2387,18
2388,gourmethotel
2389,wellbalanc
2390,longestheld
2391,ultramodern
2392,50th
2393,amor
2394,ichikawa
2395,exactli
2396,cernobbio
2397,contemporan
2398,angelina
2399,pesto
2400,sheer
2401,sculptor
2402,lavagna
2403,couli
2404,multitask
2405,valtellinastyl
2406,twomichelin
2407,romanesqu
2408,fulli
2409,big
2410,pile
2411,paradigma
2412,ornament
2413,salomon
2414,congeni
2415,journey
2416,provenalstyl
2417,anni
2418,chatgpt
2419,bruschetta
2420,mugo
2421,grandfath
2422,condiment
2423,1000
2424,orobica
2425,love
2426,aesthet
2427,china
2428,terraceth
2429,sevencours
2430,breed
2431,tomberli
2432,oscar
2433,volumnia
2434,could
2435,ladinia
2436,mottaron
2437,bel
2438,lesserknown
2439,nduja
2440,1965
2441,shark
2442,caviar
2443,pirro
2444,riccardo
2445,gather
2446,lot
2447,altern
2448,better
2449,abbondanzi
2450,nameindinimean
2451,chitterl
2452,fresh
2453,gondolieri
2454,beansprout
2455,sav
2456,supplier
2457,vanlangenaek
2458,jewishstyl
2459,brenta
2460,maritozzo
2461,salcheto
2462,5km
2463,orangeri
2464,quinson
2465,integr
2466,valeria
2467,sogno
2468,archangel
2469,azur
2470,mill
2471,develop
2472,trucco
2473,inde
2474,crew
2475,redefin
2476,renaiss
2477,versilian
2478,rest
2479,tradizioneil
2480,pesticid
2481,banner
2482,pancak
2483,moresca
2484,run
2485,loung
2486,conclus
2487,carannant
2488,doubl
2489,look
2490,lazzarini
2491,aulenti
2492,nineteenth
2493,teem
2494,sasso
2495,som
2496,flair
2497,anniversari
2498,falanghina
2499,maezza
2500,300m
2501,crafun
2502,greco
2503,dna
2504,wider
2505,portion
2506,agre
2507,albenga
2508,council
2509,passard
2510,sapid
2511,sun
2512,merano
2513,courgett
2514,biohotel
2515,le
2516,station
2517,capestrano
2518,kosovo
2519,casoncelli
2520,trout
2521,stigliano
2522,wall
2523,palmi
2524,donei
2525,vegetablebas
2526,allinal
2527,hairpin
2528,held
2529,globe
2530,promis
2531,pella
2532,acereta
2533,sleep
2534,rabbit
2535,peach
2536,capon
2537,gteau
2538,padoan
2539,unesco
2540,ownerchef
2541,scalinata
2542,due
2543,kist
2544,bassa
2545,intim
2546,ronchetto
2547,black
2548,road
2549,zerowast
2550,crab
2551,2016
2552,domin
2553,around
2554,slop
2555,busiest
2556,casertano
2557,fortress
2558,carmagnola
2559,esposito
2560,langh
2561,dominican
2562,golden
2563,lorelei
2564,lido
2565,commiss
2566,nunzio
2567,brunico
2568,steel
2569,1618
2570,warhol
2571,vari
2572,taragna
2573,bab
2574,research
2575,perez
2576,cozzi
2577,risorgimento
2578,roam
2579,annarita
2580,granita
2581,unusu
2582,pub
2583,perla
2584,cozzetto
2585,muchlov
2586,involtini
2587,instead
2588,grual
2589,scuro
2590,cocktailbar
2591,lorenzo
2592,caramanico
2593,lovag
2594,jelli
2595,unnecessari
2596,vallio
2597,discuss
2598,pleas
2599,escalop
2600,monco
2601,oberwirt
2602,portico
2603,mao
2604,casentino
2605,adult
2606,household
2607,oregano
2608,lina
2609,credenti
2610,halffrench
2611,buffalo
2612,gusto
2613,unesperienza
2614,bendato
2615,ellipt
2616,fishbonestyl
2617,n
2618,adler
2619,craftsmanship
2620,chantant
2621,bottagisio
2622,declar
2623,western
2624,heiss
2625,elev
2626,snail
2627,fondoval
2628,cjarson
2629,enhanc
2630,apennin
2631,galleria
2632,stringi
2633,iacopo
2634,pinchiorri
2635,carteservic
2636,berico
2637,authorit
2638,murg
2639,bark
2640,welfar
2641,pzalyandchjbica
2642,segreta
2643,crumb
2644,larco
2645,1km
2646,stella
2647,possoni
2648,1980
2649,host
2650,beat
2651,stun
2652,lemonmarin
2653,increas
2654,20the
2655,prepar
2656,caramel
2657,illumin
2658,pedestrianis
2659,culatello
2660,palamaro
2661,ingalera
2662,mediterraneo
2663,tirtlan
2664,laera
2665,bistr
2666,amatriciana
2667,ost
2668,acquolina
2669,thank
2670,lighter
2671,outstand
2672,pow
2673,plateau
2674,bearer
2675,romant
2676,glorenza
2677,framura
2678,sommit
2679,clientel
2680,porchetta
2681,brunch
2682,cahssai
2683,sicilianstyl
2684,christoph
2685,referenc
2686,cacer
2687,ossobuco
2688,consult
2689,abruzzesetorronenam
2690,event
2691,hesit
2692,explor
2693,speranzina
2694,speci
2695,visitor
2696,antonello
2697,abil
2698,consumm
2699,properti
2700,alfresco
2701,saturday
2702,club
2703,cantina
2704,footbal
2705,primit
2706,1981
2707,tireless
2708,umbrian
2709,pacentro
2710,guest
2711,brazilian
2712,cardelli
2713,giacomo
2714,marzullo
2715,two
2716,friend
2717,arco
2718,spice
2719,accommod
2720,pr
2721,sonya
2722,piedi
2723,beyond
2724,music
2725,sondrio
2726,menusterritorio
2727,scarallo
2728,ambienti
2729,spilimbergo
2730,shelv
2731,pisani
2732,mongiat
2733,ciucci
2734,huber
2735,formal
2736,unconvent
2737,ero
2738,lift
2739,dedic
2740,smallscal
2741,greec
2742,tramontano
2743,distil
2744,point
2745,de
2746,center
2747,cuda
2748,stylish
2749,fig
2750,intern
2751,similar
2752,fior
2753,shine
2754,lace
2755,mirazur
2756,roberta
2757,fondant
2758,toul
2759,soup
2760,tivoli
2761,forag
2762,acireal
2763,cicchetteria
2764,antechamb
2765,regi
2766,bottom
2767,sella
2768,relief
2769,door
2770,eventu
2771,fune
2772,eschew
2773,moat
2774,ventimiglia
2775,brickwork
2776,captur
2777,nori
2778,aversa
2779,scent
2780,ischia
2781,beatric
2782,bosana
2783,coratella
2784,silhav
2785,crystal
2786,suquet
2787,rimini
2788,gli
2789,tyrrhenian
2790,soccorso
2791,late18c
2792,zecchin
2793,offshor
2794,hernan
2795,littl
2796,vigevano
2797,shore
2798,face
2799,told
2800,bella
2801,gallo
2802,rice
2803,neighborhood
2804,prebugiun
2805,sergio
2806,bring
2807,gambino
2808,turbot
2809,cracker
2810,marotta
2811,pinch
2812,brandini
2813,evolv
2814,caluso
2815,rapa
2816,800m
2817,americanstyl
2818,wait
2819,skil
2820,block
2821,crow
2822,check
2823,sky
2824,cilenti
2825,museumlik
2826,esplanad
2827,arancina
2828,villani
2829,agostini
2830,flaminio
2831,laura
2832,refug
2833,buratti
2834,monastero
2835,fairytal
2836,dossola
2837,indigo
2838,cure
2839,molo
2840,cannonau
2841,roomcumveranda
2842,procida
2843,garag
2844,day
2845,donna
2846,roomcellar
2847,heart
2848,woodburn
2849,drop
2850,fortana
2851,esperienz
2852,germani
2853,nettl
2854,overwhelm
2855,rivoluzion
2856,lezzereni
2857,mid1960
2858,prussian
2859,honor
2860,sale
2861,towncentr
2862,stravecchio
2863,seregno
2864,whose
2865,ilario
2866,myrtleberri
2867,rebuilt
2868,evan
2869,monica
2870,scenic
2871,chefcumentrepreneur
2872,nicol
2873,corbusi
2874,watermil
2875,speck
2876,isid
2877,maritimestyl
2878,multistar
2879,underlin
2880,carpacci
2881,guarante
2882,guard
2883,abocar
2884,sheep
2885,laetitia
2886,minimaliststyl
2887,chianina
2888,marino
2889,ideal
2890,gerani
2891,rack
2892,trade
2893,driedcod
2894,gazebo
2895,trinit
2896,proprietor
2897,restrict
2898,tuorlo
2899,gherardesca
2900,brightli
2901,ciaffagnon
2902,triumph
2903,scelta
2904,casertona
2905,gianduia
2906,larg
2907,shred
2908,cigar
2909,aperitifstyl
2910,vipiteno
2911,cep
2912,success
2913,fre
2914,8
2915,surfboard
2916,experiment
2917,broth
2918,porter
2919,sensori
2920,railway
2921,mention
2922,vietri
2923,creativetapasinfluenc
2924,tour
2925,60
2926,chalet
2927,philosoph
2928,raffael
2929,tang
2930,corvara
2931,mallard
2932,mop
2933,flow
2934,assort
2935,beneventano
2936,suppli
2937,ventur
2938,lumpfish
2939,une
2940,capo
2941,final
2942,hoteli
2943,famili
2944,monk
2945,pepperi
2946,prawn
2947,led
2948,evidenc
2949,expens
2950,along
2951,refresh
2952,navelli
2953,1614
2954,slight
2955,savona
2956,liqueurmak
2957,hare
2958,finish
2959,sagramoso
2960,echo
2961,scarpetta
2962,individu
2963,cusumano
2964,bresciastyl
2965,gentian
2966,involtino
2967,exagger
2968,rana
2969,magnini
2970,danilo
2971,frame
2972,time
2973,ice
2974,slow
2975,hors
2976,neorur
2977,cypress
2978,touch
2979,valtellino
2980,firm
2981,wrought
2982,pleasant
2983,entir
2984,guida
2985,lanzagallo
2986,napl
2987,1890
2988,es
2989,patat
2990,morer
2991,ginetta
2992,champagneria
2993,1926
2994,scala
2995,sadler
2996,jar
2997,wellstructur
2998,undoubtedli
2999,krsio
3000,col
3001,athlet
3002,permeat
3003,toro
3004,across
3005,squid
3006,santorsola
3007,height
3008,broaden
3009,capit
3010,besid
3011,italianbrazilian
3012,keyston
3013,thoughtout
3014,moder
3015,improv
3016,polpo
3017,eaten
3018,gorini
3019,approxim
3020,francica
3021,train
3022,avino
3023,chive
3024,turn
3025,milda
3026,indefatig
3027,english
3028,stucco
3029,sergeev
3030,glass
3031,corner
3032,94a
3033,nutrit
3034,luserna
3035,teatro
3036,fine
3037,elvira
3038,lifestyl
3039,weekli
3040,mahogani
3041,giacchini
3042,softcrunchi
3043,satisfact
3044,number
3045,visual
3046,bertoli
3047,pictur
3048,portinari
3049,120
3050,trastever
3051,pizzaiola
3052,consorzio
3053,tristan
3054,mazzaroni
3055,bouchard
3056,naturalment
3057,offal
3058,step
3059,extravirgin
3060,intric
3061,question
3062,angiolieri
3063,1964
3064,abbadia
3065,casano
3066,jo
3067,vittorial
3068,garbanzo
3069,claudio
3070,livorno
3071,timber
3072,galateo
3073,campaniafocus
3074,lunchtim
3075,carnaghi
3076,dwell
3077,faster
3078,lamezia
3079,inncum
3080,halfport
3081,even
3082,liver
3083,casatiello
3084,artnouveau
3085,alba
3086,januari
3087,tasso
3088,compris
3089,mixtur
3090,hostelri
3091,almond
3092,marconi
3093,site
3094,shiroya
3095,consolid
3096,1938
3097,renov
3098,topoftherang
3099,dusti
3100,polda
3101,il
3102,romani
3103,clad
3104,miori
3105,especi
3106,four
3107,erbett
3108,viewpoint
3109,combo
3110,chefcumpoet
3111,leather
3112,linguin
3113,updat
3114,zillo
3115,peac
3116,enea
3117,vaiani
3118,barberini
3119,santantonio
3120,nolinski
3121,thoma
3122,reach
3123,castrozza
3124,zazzeri
3125,technic
3126,fifth
3127,blasio
3128,mazzini
3129,capanna
3130,easili
3131,versilia
3132,latemar
3133,giulia
3134,manich
3135,blue
3136,mediterranean
3137,fasson
3138,opra
3139,mallow
3140,1961
3141,ju
3142,galleri
3143,zelo
3144,awarm
3145,antipasti
3146,sweetsour
3147,muchcovet
3148,rispo
3149,regal
3150,seed
3151,colosseum
3152,tola
3153,aalto
3154,barbequ
3155,reduct
3156,emblemat
3157,venissa
3158,memor
3159,pellicano
3160,antonella
3161,seafront
3162,sapori
3163,girella
3164,ztl
3165,vicenzastyl
3166,7pm
3167,keen
3168,excelsior
3169,chargril
3170,vescovil
3171,senes
3172,advantag
3173,tast
3174,vanacor
3175,arbour
3176,stuf
3177,effect
3178,storehous
3179,testaccio
3180,cocoa
3181,beaten
3182,strongli
3183,mantua
3184,acqua
3185,francesca
3186,thepizza
3187,maiellabi
3188,locat
3189,cook
3190,utini
3191,alpago
3192,te
3193,forget
3194,anthoni
3195,coriand
3196,fratelli
3197,provocazioni
3198,woodruff
3199,tina
3200,nouveau
3201,encircl
3202,feuerstein
3203,mountainstyl
3204,cinnamon
3205,nole
3206,garden
3207,trentino
3208,weather
3209,pedestrian
3210,like
3211,muro
3212,wine
3213,vegetali
3214,paradiso
3215,porcelli
3216,cinti
3217,savour
3218,russi
3219,peci
3220,asian
3221,stuff
3222,galileo
3223,40yolk
3224,tin
3225,cielo
3226,kilometr
3227,bellagio
3228,scheme
3229,recur
3230,canal
3231,earth
3232,cantuccio
3233,geotherm
3234,discipl
3235,lavaston
3236,unsuccess
3237,offshoot
3238,rememb
3239,fischetti
3240,furor
3241,appli
3242,saint
3243,form
3244,controversi
3245,dairi
3246,erbaluc
3247,pallon
3248,smaller
3249,piazzal
3250,coach
3251,recognis
3252,salinari
3253,consolata
3254,piastrino
3255,pescator
3256,warehous
3257,poverastyl
3258,substanc
3259,oxtail
3260,seaurchin
3261,suspend
3262,palazzomuseum
3263,south
3264,gong
3265,renzi
3266,woodfurnish
3267,connect
3268,co
3269,predomin
3270,kalugaamur
3271,oseleta
3272,seminario
3273,voghera
3274,button
3275,queen
3276,lucia
3277,guado
3278,burri
3279,giuliano
3280,young
3281,addict
3282,matia
3283,gobbetto
3284,decor
3285,reopen
3286,tortonesi
3287,convey
3288,chosen
3289,monzaluganegasausag
3290,lengthway
3291,uliassi
3292,samuel
3293,marcelli
3294,filippo
3295,maria
3296,proud
3297,move
3298,pension
3299,piatto
3300,leali
3301,particolar
3302,ide
3303,settl
3304,memorieand
3305,bagna
3306,nadia
3307,stube
3308,liquida
3309,eleven
3310,baglio
3311,immens
3312,pillow
3313,ugento
3314,newli
3315,augurio
3316,bentivoglio
3317,sousvid
3318,mount
3319,soil
3320,graduat
3321,needl
3322,zhejiang
3323,ferri
3324,backlit
3325,full
3326,vicentinadri
3327,pici
3328,2
3329,1848
3330,warn
3331,acquaint
3332,groundfloor
3333,dangelo
3334,mould
3335,vespasia
3336,serv
3337,sincer
3338,what
3339,campigotto
3340,short
3341,walk
3342,tirami
3343,1370
3344,amusebouch
3345,ecuador
3346,tartar
3347,whitechocol
3348,150m
3349,cosmo
3350,chessboard
3351,eightcours
3352,apricena
3353,distinctli
3354,began
3355,trafoier
3356,chemistri
3357,territori
3358,salami
3359,hospit
3360,unmiss
3361,scapec
3362,bra
3363,ampezzo
3364,marseil
3365,palazzolo
3366,back
3367,restaurantsla
3368,abbruzzino
3369,15c
3370,caruso
3371,otherwis
3372,mole
3373,toku
3374,jackson
3375,king
3376,salesman
3377,tempura
3378,nel
3379,nonmeateat
3380,tagliatel
3381,qualiti
3382,palermino
3383,bottl
3384,newest
3385,offer
3386,quarta
3387,riva
3388,raia
3389,souffl
3390,carlotta
3391,allergi
3392,ampezzostyl
3393,cotta
3394,twenti
3395,terri
3396,morsi
3397,palumbo
3398,colonnata
3399,michelinstar
3400,spanish
3401,papaya
3402,bravaccini
3403,risoni
3404,excurs
3405,hord
3406,frothi
3407,essenc
3408,asolo
3409,milanesestyl
3410,aid
3411,architectur
3412,richard
3413,dcor
3414,900m
3415,bacoli
3416,par
3417,st
3418,difficult
3419,predessert
3420,ambienc
3421,realis
3422,lastli
3423,ribey
3424,end
3425,elong
3426,evelyn
3427,fellow
3428,trulli
3429,profici
3430,content
3431,silvestro
3432,cartoccio
3433,tune
3434,tender
3435,sauerkraut
3436,salvator
3437,calabrian
3438,deliber
3439,bedroom
3440,malp
3441,incompar
3442,selftaught
3443,nonno
3444,gianello
3445,heinrich
3446,boathous
3447,rediscov
3448,camillo
3449,tenderloin
3450,ultrafresh
3451,tire
3452,overnight
3453,blackboard
3454,herbcrust
3455,pigna
3456,familystyl
3457,dietro
3458,brusson
3459,closer
3460,chemic
3461,reveal
3462,boer
3463,panna
3464,tiber
3465,cod
3466,ad
3467,hewn
3468,nonstop
3469,origini
3470,mt
3471,sugo
3472,fuoco
3473,flowerdeck
3474,perpendicular
3475,bend
3476,flour
3477,three
3478,silk
3479,strachitunt
3480,memorabilia
3481,laghetto
3482,restoredtrulliwhich
3483,seriana
3484,money
3485,wisteria
3486,state
3487,allud
3488,gioie
3489,cagliaritana
3490,wife
3491,bistrostyl
3492,cera
3493,masaki
3494,eveninga
3495,plain
3496,resolut
3497,flavio
3498,scandinavia
3499,disturb
3500,differ
3501,tongu
3502,applaud
3503,vino
3504,2024
3505,malloreddu
3506,dorto
3507,fall
3508,biennal
3509,ambiti
3510,valsugana
3511,hen
3512,anacapri
3513,loro
3514,marubini
3515,jorg
3516,battistoni
3517,arrigoni
3518,carrello
3519,dough
3520,asanolini
3521,grandeur
3522,leopardi
3523,sensibl
3524,dsquared2
3525,worldfam
3526,ancona
3527,courteou
3528,basilicata
3529,tailor
3530,dreamlik
3531,art
3532,gara
3533,15th
3534,arriv
3535,imposs
3536,castelli
3537,aisl
3538,classici
3539,caramelis
3540,panfilio
3541,refurbish
3542,risultato
3543,greenhous
3544,carriag
3545,classicmodern
3546,cason
3547,quieter
3548,trifl
3549,year
3550,anoth
3551,holiday
3552,tapasstyl
3553,erminio
3554,galaxi
3555,langoustin
3556,go
3557,heroic
3558,figur
3559,everyon
3560,horsesho
3561,anim
3562,mainli
3563,14c
3564,leaf
3565,indini
3566,mile
3567,elid
3568,lagrein
3569,matera
3570,winepar
3571,brianza
3572,exterior
3573,curiou
3574,theoret
3575,enough
3576,bluefin
3577,trendiest
3578,barpasticceria
3579,finocchiaro
3580,pet
3581,alp
3582,allow
3583,littleknown
3584,glowig
3585,lazio
3586,trumpet
3587,textur
3588,cavai
3589,cannolo
3590,chicken
3591,skylin
3592,trabetti
3593,jol
3594,bundl
3595,chequer
3596,cityscapeth
3597,berruti
3598,unfussi
3599,chiara
3600,furlo
3601,padova
3602,vigiliu
3603,fonduta
3604,fula
3605,aloi
3606,langolo
3607,convers
3608,seral
3609,mia
3610,feel
3611,attent
3612,perpetu
3613,page
3614,requir
3615,essenzial
3616,chain
3617,late15c
3618,togeth
3619,viaj
3620,glimps
3621,glutenfre
3622,emilianstyl
3623,certain
3624,homebak
3625,acacia
3626,turnip
3627,luna
3628,valu
3629,eel
3630,michel
3631,renzo
3632,arsenal
3633,charact
3634,pheasant
3635,bolzano
3636,mixolog
3637,duo
3638,ornat
3639,chioggia
3640,vecio
3641,pianother
3642,signal
3643,bacchu
3644,lab
3645,kimchi
3646,unspoilt
3647,laltro
3648,collin
3649,artistri
3650,vicenza
3651,familiar
3652,reggiano
3653,loggia
3654,rotto
3655,past
3656,creeper
3657,indoor
3658,beam
3659,rizzuto
3660,marisa
3661,renato
3662,schlutzkrapfen
3663,eater
3664,per
3665,adapt
3666,particular
3667,inhous
3668,400
3669,kursaal
3670,sculptur
3671,modest
3672,pompei
3673,nostalgia
3674,officina
3675,sciliar
3676,intrigu
3677,eleonora
3678,stubestyl
3679,zerokilometr
3680,artisan
3681,fauna
3682,cantones
3683,abbattista
3684,emozioni
3685,fishhead
3686,gut
3687,lightcolour
3688,bistrolik
3689,bachelor
3690,cruza
3691,welltend
3692,hearti
3693,joyou
3694,centofanti
3695,concis
3696,puglian
3697,baroqu
3698,baglioni
3699,manicon
3700,dress
3701,makor
3702,erbazzon
3703,pizza
3704,louis
3705,nowaday
3706,greeneri
3707,omakas
3708,mash
3709,bacio
3710,lumen
3711,learn
3712,enabl
3713,uninterest
3714,admit
3715,laid
3716,man
3717,judg
3718,santi
3719,1900
3720,flurin
3721,hidalgo
3722,plum
3723,est
3724,paragon
3725,millston
3726,puglia
3727,hop
3728,infal
3729,tell
3730,aperitif
3731,vehicl
3732,sashimi
3733,set
3734,grandpar
3735,pancotto
3736,fa
3737,abat
3738,permittingand
3739,sansepolcro
3740,pastel
3741,sine
3742,gnocchetti
3743,theenotecaon
3744,marina
3745,regional
3746,trust
3747,ennio
3748,prato
3749,agnelli
3750,great
3751,lazarov
3752,menu
3753,nutriti
3754,rossi
3755,postomean
3756,mullet
3757,gisela
3758,sold
3759,carrozza
3760,amiata
3761,breeder
3762,odyssey
3763,march
3764,notic
3765,attilio
3766,rapini
3767,morel
3768,cacciani
3769,breton
3770,balanc
3771,juneaugust
3772,civitella
3773,read
3774,tenet
3775,sensazioni
3776,fogli
3777,discreet
3778,pan
3779,pisser
3780,toblino
3781,zabaglion
3782,own
3783,larger
3784,fattyacid
3785,aplomb
3786,select
3787,dirt
3788,strudel
3789,sticker
3790,vagu
3791,us
3792,stream
3793,trezzo
3794,extrem
3795,kaiseki
3796,caff
3797,approach
3798,25km
3799,colleagu
3800,bechamel
3801,sugar
3802,stylishli
3803,22
3804,teriyaki
3805,marmi
3806,grew
3807,culurgion
3808,longstand
3809,petit
3810,german
3811,martini
3812,sheepfold
3813,pasquo
3814,ironi
3815,basso
3816,terraceloung
3817,triangl
3818,whatev
3819,request
3820,length
3821,ligurianinfluenc
3822,pagnotto
3823,gioia
3824,matilda
3825,marci
3826,stool
3827,rolli
3828,360
3829,bassano
3830,1992
3831,prezioso
3832,decid
3833,fabrizi
3834,trota
3835,bresaola
3836,sordi
3837,shallot
3838,luigi
3839,scotti
3840,travel
3841,estat
3842,acornflour
3843,verdi
3844,neglect
3845,5pm
3846,dallamano
3847,fail
3848,whilehidden
3849,atrani
3850,overlook
3851,pelizzari
3852,stefania
3853,vitantonio
3854,genovesea
3855,shown
3856,campagna
3857,affinita
3858,bastion
3859,elia
3860,system
3861,mattara
3862,manuela
3863,leocorno
3864,laboratori
3865,renon
3866,countless
3867,nogher
3868,guancialino
3869,permit
3870,reinforc
3871,millefogli
3872,know
3873,jam
3874,carlofortinian
3875,underli
3876,eruzion
3877,eat
3878,charcoal
3879,abeurr
3880,valdestali
3881,vescovado
3882,cattivelli
3883,taormina
3884,tenn
3885,whenev
3886,blindfold
3887,morsetti
3888,wide
3889,guido
3890,transport
3891,butterfli
3892,innocenti
3893,main
3894,palomba
3895,partnership
3896,gargioli
3897,marelli
3898,simplic
3899,school
3900,heed
3901,brera
3902,cagli
3903,vinaigrett
3904,amphitheatr
3905,gerri
3906,dumpl
3907,appear
3908,bianca
3909,panel
3910,malaspina
3911,pistachio
3912,resin
3913,gagini
3914,leftther
3915,aprea
3916,raw
3917,avoid
3918,vet
3919,seafood
3920,thick
3921,smart
3922,spit
3923,agrituristica
3924,cestello
3925,fire
3926,esordi
3927,spigaroli
3928,brilliant
3929,frenchitalian
3930,giuliana
3931,current
3932,attract
3933,extract
3934,truli
3935,alzaia
3936,mirin
3937,sei
3938,furnish
3939,vomero
3940,snowsho
3941,airi
3942,kombu
3943,ritual
3944,reason
3945,bistrobar
3946,saganaki
3947,inner
3948,imaginari
3949,bewar
3950,present
3951,bit
3952,trend
3953,brass
3954,mandra
3955,enbogon
3956,yuyo
3957,sotto
3958,18th
3959,omakasetast
3960,envisag
3961,hardli
3962,valva
3963,accademia
3964,expo
3965,wineproduc
3966,practic
3967,shoulder
3968,karl
3969,osteria
3970,viareggio
3971,vietres
3972,quiet
3973,pasqual
3974,orvieto
3975,biafora
3976,nuzzo
3977,sa
3978,fassona
3979,path
3980,pivot
3981,grassofat
3982,barbecu
3983,pansotti
3984,actual
3985,visit
3986,plissn
3987,iberian
3988,acquapetra
3989,settepiatti
3990,tenerina
3991,moirago
3992,manmad
3993,20c
3994,definit
3995,laurin
3996,2001
3997,stateoftheart
3998,meat
3999,ionio
4000,succul
4001,pucia
4002,tespi
4003,direct
4004,elefant
4005,declinata
4006,mondello
4007,clear
4008,petru
4009,meticul
4010,milon
4011,bunet
4012,wellconstruct
4013,openair
4014,river
4015,anto
4016,boutiqu
4017,laghi
4018,mario
4019,winelov
4020,itinerari
4021,cicada
4022,fit
4023,volp
4024,chef
4025,photo
4026,burratina
4027,rva
4028,australian
4029,tree
4030,thecarbonara
4031,giancarlo
4032,instinct
4033,undisput
4034,iuliano
4035,1910
4036,banquet
4037,stop
4038,montani
4039,contaminazioni
4040,baia
4041,candia
4042,nineteenthcenturi
4043,theorsoburg
4044,children
4045,sibilla
4046,cusago
4047,sacro
4048,adl
4049,val
4050,mango
4051,bonet
4052,manufactur
4053,dimora
4054,dellolio
4055,parmesan
4056,io
4057,surpris
4058,aglianico
4059,kitchen
4060,seventh
4061,pontinia
4062,lidia
4063,rusticstyl
4064,resortspa
4065,whitebait
4066,giglio
4067,eugenia
4068,involv
4069,reggio
4070,bc
4071,orecchiett
4072,pontoon
4073,focaccia
4074,gard
4075,saba
4076,dynam
4077,agliata
4078,pontino
4079,renownedsbrisolonacak
4080,friulivenezia
4081,late16c
4082,reappear
4083,exact
4084,husbandandwif
4085,dei
4086,decept
4087,imagna
4088,antonio
4089,assist
4090,gloriou
4091,currant
4092,marineria
4093,guarino
4094,seriou
4095,tenor
4096,pretti
4097,sanbrit
4098,wellearn
4099,ebik
4100,roquefort
4101,romito
4102,junction
4103,meltingpot
4104,uniqu
4105,enjoy
4106,1994
4107,crema
4108,classico
4109,suffic
4110,splash
4111,said
4112,deal
4113,prosperi
4114,nun
4115,win
4116,overse
4117,mid19c
4118,hike
4119,fertil
4120,shellfish
4121,strait
4122,semihidden
4123,catia
4124,12yearold
4125,nicola
4126,wafer
4127,con
4128,memoria
4129,pont
4130,chardonnay
4131,zabaion
4132,milk
4133,murges
4134,belov
4135,oliveoil
4136,damiano
4137,stracotto
4138,conceal
4139,colorata
4140,roll
4141,zuppa
4142,lievitazioni
4143,fidati
4144,mame
4145,well
4146,proven
4147,hold
4148,inland
4149,camino
4150,rossella
4151,fondaco
4152,brazier
4153,result
4154,mandatori
4155,rex
4156,skyscrap
4157,elli
4158,marchini
4159,milano
4160,sure
4161,purpl
4162,guidara
4163,villadorata
4164,highli
4165,cervo
4166,rise
4167,cajun
4168,life
4169,encourag
4170,pour
4171,recip
4172,territorio
4173,wagyu
4174,materi
4175,recal
4176,shop
4177,lee
4178,cimini
4179,senigallia
4180,galli
4181,beef
4182,compon
4183,burrata
4184,orchard
4185,seclud
4186,isnt
4187,impress
4188,quinto
4189,degustazion
4190,18c
4191,splendid
4192,acquarol
4193,pezzo
4194,innikkeistyl
4195,simpli
4196,tortelli
4197,enterpris
4198,granda
4199,nonresid
4200,ernesto
4201,baldo
4202,ascani
4203,claudia
4204,sala
4205,colombia
4206,2007
4207,carpet
4208,levi
4209,pizzetta
4210,brasato
4211,compromis
4212,framework
4213,mayonnais
4214,grate
4215,ceram
4216,bachmann
4217,tavernastyl
4218,interior
4219,firstli
4220,ride
4221,broccoli
4222,slowli
4223,castraur
4224,sicili
4225,garattoni
4226,shouldnt
4227,mainland
4228,cavalieri
4229,alway
4230,bone
4231,taggiasch
4232,630pm
4233,portofino
4234,cristian
4235,blackberri
4236,lanss
4237,keep
4238,europa
4239,500
4240,parco
4241,burano
4242,zunica
4243,comacina
4244,cube
4245,applaus
4246,photographi
4247,ball
4248,pupil
4249,dagostino
4250,prenestinocentocel
4251,owner
4252,maiella
4253,piccini
4254,stori
4255,natura
4256,coastlin
4257,turmer
4258,aosta
4259,meucci
4260,central
4261,lycheeshap
4262,glassenclos
4263,teresa
4264,ciccio
4265,angler
4266,busi
4267,un
4268,lost
4269,beccafico
4270,horizon
4271,elisabeth
4272,siciliana
4273,afield
4274,half
4275,capriat
4276,cucina
4277,masashi
4278,skate
4279,agro
4280,late19c
4281,grana
4282,holder
4283,tuttoilresto
4284,padr
4285,torchiettibistro
4286,pace
4287,grower
4288,pantheon
4289,cordevigo
4290,sabino
4291,issa
4292,saletta
4293,cucolo
4294,troisi
4295,piedmontesestyl
4296,notabl
4297,fast
4298,convent
4299,fabbro
4300,proietti
4301,ovalshap
4302,barcumpastri
4303,flaw
4304,contemporarystyl
4305,africa
4306,equens
4307,gastronom
4308,foodenthusiast
4309,sandra
4310,tile
4311,bandwagon
4312,nouveaustyl
4313,acciderba
4314,castrocaro
4315,servizio
4316,intesa
4317,clam
4318,vitel
4319,marca
4320,francigena
4321,thing
4322,cortil
4323,ladin
4324,lime
4325,meati
4326,gemma
4327,stay
4328,filippi
4329,gilberto
4330,fiorentina
4331,45km
4332,monopoli
4333,pass
4334,meatbal
4335,cantin
4336,sunset
4337,extern
4338,explod
4339,apricot
4340,alkerm
4341,quantiti
4342,atmosphereon
4343,spumon
4344,silverwar
4345,safari
4346,fascin
4347,longheld
4348,either
4349,5
4350,fuori
4351,vogu
4352,italian
4353,tasti
4354,ristretto
4355,flavia
4356,feat
4357,coincid
4358,lush
4359,bernardi
4360,withzabaion
4361,nestl
4362,cartellata
4363,cablecar
4364,pascal
4365,fair
4366,expect
4367,seasid
4368,lowkey
4369,popular
4370,favignana
4371,build
4372,30th
4373,povera
4374,candlestick
4375,theme
4376,mazzara
4377,passi
4378,descent
4379,histori
4380,overseen
4381,cookeri
4382,paprika
4383,mother
4384,linger
4385,accent
4386,glamor
4387,miniato
4388,schito
4389,terzavia
4390,basin
4391,luisa
4392,losteria
4393,lonigo
4394,viln
4395,eden
4396,dabruzzo
4397,1971
4398,northern
4399,spitroast
4400,silhouett
4401,itsjoia
4402,sho
4403,match
4404,rightli
4405,zito
4406,borag
4407,3litr
4408,porceddu
4409,eccentr
4410,capitan
4411,whichev
4412,tribut
4413,bartoli
4414,oubrgi
4415,easi
4416,panfri
4417,fishlov
4418,radicchio
4419,guinea
4420,tinari
4421,sbrisolona
4422,wave
4423,brodetto
4424,banco
4425,rye
4426,lingotto
4427,aurora
4428,onlin
4429,autumn
4430,bollat
4431,riviera
4432,quintessenza
4433,mirko
4434,oltr
4435,michael
4436,sole
4437,signatur
4438,pasteuris
4439,fogher
4440,farmer
4441,brasseri
4442,guid
4443,reserv
4444,phi
4445,translat
4446,graziano
4447,scorpion
4448,brugiano
4449,parallelsmenu
4450,fondu
4451,meter
4452,fortun
4453,succeed
4454,trentacosti
4455,prison
4456,project
4457,star
4458,mani
4459,coffeepair
4460,encount
4461,carv
4462,celeri
4463,complex
4464,pezzogna
4465,mirror
4466,lakesid
4467,goodvalueformoney
4468,cembra
4469,13c
4470,ingles
4471,posillipo
4472,afternoon
4473,stem
4474,fumiko
4475,nervi
4476,natal
4477,campsit
4478,traffic
4479,neapolitaninfluenc
4480,utmost
4481,muffl
4482,cast
4483,erborinato
4484,authent
4485,granddaught
4486,specif
4487,1862
4488,lorto
4489,bygon
4490,nostr
4491,sanremo
4492,creation
4493,indonesian
4494,drycur
4495,mad100
4496,subdivid
4497,farmstead
4498,appl
4499,mogano
4500,timehonour
4501,blancmang
4502,cerreta
4503,canella
4504,billia
4505,barcumosteria
4506,domingo
4507,perfectli
4508,bright
4509,sardinia
4510,craft
4511,shuttl
4512,philosophi
4513,bitto
4514,uptod
4515,dont
4516,ugo
4517,arch
4518,pull
4519,merit
4520,groceri
4521,agricultur
4522,soft
4523,winethem
4524,clusan
4525,piacentina
4526,limonaia
4527,prophet
4528,goat
4529,never
4530,alessandro
4531,fireplac
4532,romanesco
4533,hadrian
4534,liquoric
4535,rivoli
4536,delta
4537,prettiest
4538,elsewher
4539,empanada
4540,semifreddo
4541,intuit
4542,octob
4543,chanc
4544,necessari
4545,roy
4546,tablecloth
4547,anagram
4548,betterknown
4549,glam
4550,griffa
4551,trophi
4552,freshli
4553,dautunnoa
4554,bressanon
4555,spaccanapoli
4556,varena
4557,spaciou
4558,cosylittl
4559,fix
4560,godia
4561,1973
4562,vicciola
4563,prosciutto
4564,alpin
4565,strawberri
4566,cavolo
4567,saffron
4568,painstak
4569,porcini
4570,bronzecut
4571,classic
4572,rosa
4573,favourit
4574,vineyard
4575,onethird
4576,pilgrim
4577,nonitalian
4578,overal
4579,lomellina
4580,hardtofind
4581,guesthous
4582,showroom
4583,thegreentast
4584,undoubt
4585,hermitag
4586,pranzo
4587,refrigeri
4588,crisscross
4589,maremma
4590,funicular
4591,ahrntal
4592,novic
4593,signora
4594,sweetscent
4595,varaita
4596,betray
4597,opportun
4598,left
4599,foothil
4600,frico
4601,ventricina
4602,delight
4603,pietra
4604,monviso
4605,sauc
4606,ragu
4607,sorrentino
4608,gerstl
4609,profondo
4610,gigant
4611,stonework
4612,lillybet
4613,everyth
4614,tombola
4615,mont
4616,shadow
4617,nativ
4618,canton
4619,lentil
4620,gragnono
4621,openplan
4622,massimiliano
4623,esperienza
4624,skirt
4625,charg
4626,say
4627,leek
4628,prearrang
4629,birrami
4630,remind
4631,lodg
4632,bed
4633,vintagestyl
4634,madr
4635,childhood
4636,apostl
4637,tuna
4638,convivi
4639,valentina
4640,noto
4641,1987
4642,blanch
4643,procedur
4644,butter
4645,elderberri
4646,shank
4647,lower
4648,tokuyoshi
4649,breccia
4650,oven
4651,hero
4652,carrot
4653,mid18c
4654,capri
4655,misto
4656,radetzki
4657,30
4658,rang
4659,samphir
4660,ill
4661,guancial
4662,menegaldo
4663,bollita
4664,68cours
4665,giustino
4666,imprezios
4667,fornari
4668,nero
4669,bruno
4670,sarca
4671,via
4672,shrine
4673,evoluzion
4674,thought
4675,cauldron
4676,papal
4677,manchego
4678,buckwheat
4679,raphal
4680,tre
4681,sitzigorru
4682,pale
4683,bridg
4684,escabechestyl
4685,colomb
4686,piev
4687,quasi
4688,uncompl
4689,relazioni
4690,dip
4691,calabres
4692,jovial
4693,icecream
4694,fontanina
4695,polo
4696,bramea
4697,gorgnalini
4698,spinechil
4699,caravella
4700,cherasco
4701,redcurr
4702,crudo
4703,ravello
4704,bristol
4705,former
4706,xx
4707,remo
4708,magredi
4709,statu
4710,tale
4711,1882
4712,destin
4713,cave
4714,educ
4715,cream
4716,chickpea
4717,canossa
4718,loungecumlibrari
4719,stagelik
4720,umbrella
4721,get
4722,nofril
4723,pinot
4724,fir
4725,elisa
4726,paraggi
4727,susanna
4728,jasminecov
4729,2024quarto
4730,alon
4731,spiritosoic
4732,strawseat
4733,wasnt
4734,avantgard
4735,1911
4736,migrant
4737,shone
4738,pinewood
4739,entrust
4740,mostarda
4741,cling
4742,riccio
4743,excit
4744,ownerarchitect
4745,search
4746,plant
4747,vinegar
4748,non
4749,bold
4750,rump
4751,della
4752,carta
4753,baracchi
4754,hous
4755,honest
4756,caputo
4757,privaci
4758,put
4759,suitabl
4760,sangiovesi
4761,omit
4762,idea
4763,provola
4764,tricesimo
4765,island
4766,winter
4767,2004
4768,2003
4769,chioccia
4770,tagliata
4771,cuisin
4772,window
4773,plane
4774,sinuou
4775,trattoria
4776,naval
4777,franco
4778,anna
4779,variou
4780,cellar
4781,alto
4782,goggi
4783,smoke
4784,canederli
4785,brixen
4786,dozen
4787,nostri
4788,augustu
4789,agavi
4790,elisabetta
4791,alessandra
4792,fresco
4793,valsassina
4794,preposit
4795,budget
4796,cesar
4797,cheesecak
4798,esperanto
4799,everi
4800,emcaponada
4801,adriano
4802,400m
4803,peposo
4804,youth
4805,sight
4806,oldest
4807,beck
4808,promontori
4809,bartolini
4810,valley
4811,transumanza
4812,undeni
4813,lorena
4814,coffe
4815,purist
4816,geographi
4817,contact
4818,manoppello
4819,card
4820,blend
4821,citt
4822,ligurianstyl
4823,militari
4824,viviana
4825,russian
4826,ever
4827,sultano
4828,1947
4829,perugia
4830,cacao
4831,dellovo
4832,moro
4833,macaroni
4834,cultur
4835,unsurprisingli
4836,livestock
4837,rosemari
4838,ricci
4839,least
4840,castello
4841,earthquak
4842,bertelli
4843,stigghiola
4844,battipaglia
4845,mio
4846,virginia
4847,pre
4848,drive
4849,dri
4850,sorrentin
4851,maioni
4852,1b
4853,alain
4854,hard
4855,strike
4856,aria
4857,theyr
4858,rospigliosi
4859,section
4860,banal
4861,clean
4862,2015
4863,presenc
4864,hand
4865,multigener
4866,palat
4867,muse
4868,saporium
4869,ottima
4870,novemb
4871,drink
4872,claroni
4873,porteri
4874,regard
4875,raviolifinanzierastew
4876,strang
4877,ladinstyl
4878,execut
4879,martino
4880,edg
4881,therapi
4882,largest
4883,includ
4884,round
4885,virgin
4886,vera
4887,ezio
4888,coton
4889,maggior
4890,foligno
4891,bergamo
4892,alemb
4893,conservatori
4894,rombo
4895,faultless
4896,classicstyl
4897,add
4898,tega
4899,grassland
4900,deeper
4901,style
4902,pomposa
4903,inspir
4904,zazzara
4905,gabicc
4906,lacelik
4907,hummu
4908,im
4909,100ha
4910,lakeinspir
4911,brain
4912,aristocrat
4913,lie
4914,orto
4915,nikita
4916,beetroot
4917,britishstyl
4918,ramen
4919,cavallino
4920,equinozio
4921,lankan
4922,fresca
4923,thyme
4924,volum
4925,majolica
4926,culinari
4927,buffet
4928,e
4929,palm
4930,forgiv
4931,gualtieri
4932,bill
4933,maximum
4934,tropea
4935,romagnolo
4936,coron
4937,bergamostyl
4938,ramo
4939,numana
4940,studio
4941,lapland
4942,span
4943,pecorino
4944,bosco
4945,fattori
4946,pamper
4947,postdinn
4948,tasterossini
4949,keyword
4950,dolomit
4951,flowersand
4952,bolgheri
4953,rieti
4954,ship
4955,embellish
4956,monferrato
4957,brunello
4958,noteworthi
4959,mountain
4960,aspro
4961,fusionstyl
4962,tarquinia
4963,gastrosteria
4964,illustr
4965,domodossola
4966,troccoli
4967,crust
4968,will
4969,10th
4970,ink
4971,molaro
4972,terracecumloung
4973,160
4974,floriano
4975,montreal
4976,max
4977,gravi
4978,north
4979,miranes
4980,octopu
4981,fourth
4982,spa
4983,namelaka
4984,disguis
4985,crunchi
4986,rich
4987,beerthem
4988,slaughterhous
4989,stronghold
4990,wing
4991,public
4992,bellingeri
4993,aost
4994,tofan
4995,expand
4996,boeri
4997,occas
4998,ownerrun
4999,liner
5000,fano
5001,lemon
5002,onofrio
5003,romana
5004,redevelop
5005,secondi
5006,challeng
5007,arianna
5008,robustli
5009,ski
5010,10
5011,pollino
5012,frisel
5013,niko
5014,complement
5015,finess
5016,green
5017,improvis
5018,total
5019,escap
5020,best
5021,vintag
5022,shoot
5023,mutton
5024,perata
5025,unchang
5026,sassicaia
5027,winebar
5028,curios
5029,alfio
5030,prestigi
5031,barrel
5032,macellaria
5033,weve
5034,relev
5035,multilevel
5036,quintino
5037,sampl
5038,newer
5039,tronto
5040,other
5041,arcinazzo
5042,scopiccio
5043,slovenian
5044,classicpigeon
5045,pie
5046,90
5047,everexpand
5048,secondli
5049,lane
5050,piedmont
5051,300ha
5052,caraf
5053,1717
5054,dashi
5055,pazientina
5056,sear
5057,threestar
5058,marco
5059,haller
5060,ancient
5061,medic
5062,grappa
5063,cicetta
5064,thirti
5065,chiusi
5066,stray
5067,skier
5068,guggenheim
5069,barman
5070,microcosm
5071,movimento
5072,giuseppa
5073,scottadito
5074,sausag
5075,rotat
5076,unpretenti
5077,staircas
5078,1954
5079,navona
5080,500m
5081,centenari
5082,nicolosi
5083,mantecati
5084,painter
5085,loin
5086,sage
5087,reinterpret
5088,amaz
5089,19cstyle
5090,gobbi
5091,sylvan
5092,press
5093,nightlif
5094,mediterraneaninspir
5095,plin
5096,alchemi
5097,ripen
5098,joyc
5099,invent
5100,championship
5101,2023
5102,gracious
5103,ambit
5104,202223
5105,phone
5106,desir
5107,nemi
5108,tablet
5109,siviero
5110,thailand
5111,chateaubriand
5112,puf
5113,exalt
5114,bartolo
5115,fisheri
5116,amid
5117,steak
5118,sottovoc
5119,sono
5120,retrostyl
5121,celebratori
5122,bandi
5123,fritta
5124,reloc
5125,whitefish
5126,character
5127,bresciana
5128,doronzo
5129,alici
5130,enthusiast
5131,50m
5132,merli
5133,much
5134,casamicciola
5135,storico
5136,understand
5137,paolo
5138,tortellant
5139,marketfresh
5140,sitea
5141,plessi
5142,pipero
5143,sumptuou
5144,patrignano
5145,majest
5146,grandson
5147,primari
5148,lombardi
5149,momento
5150,moretto
5151,workingclass
5152,sereno
5153,bounti
5154,angela
5155,bavaglino
5156,gorgonzola
5157,sour
5158,payabl
5159,pavement
5160,dorona
5161,parmens
5162,47
5163,sushi
5164,exclus
5165,teach
5166,sgr
5167,cousin
5168,intriguingvieni
5169,pappardel
5170,corso
5171,root
5172,emuls
5173,ban
5174,tommaso
5175,harri
5176,mura
5177,cambio
5178,sublim
5179,porceddusuckl
5180,sontuosi
5181,confin
5182,cold
5183,lattuga
5184,1585
5185,bernini
5186,avant
5187,craparo
5188,preserv
5189,basi
5190,criteria
5191,inn
5192,violetta
5193,roast
5194,santa
5195,rein
5196,french
5197,faenza
5198,36monthag
5199,fasan
5200,east
5201,conca
5202,propos
5203,pordenon
5204,outbuild
5205,adri
5206,cat
5207,consum
5208,meatfil
5209,aim
5210,spheric
5211,regular
5212,rib
5213,dovecolour
5214,promenad
5215,teano
5216,homestyl
5217,pirandello
5218,pig
5219,bufi
5220,formula
5221,dalba
5222,moscato
5223,nine
5224,see
5225,bernes
5226,strictli
5227,alessio
5228,castelmagno
5229,fed
5230,tuck
5231,sibl
5232,grapefruit
5233,therefor
5234,grace
5235,hustl
5236,bath
5237,vivalda
5238,lamb
5239,chines
5240,30am
5241,roe
5242,sweet
5243,scottona
5244,casual
5245,bolder
5246,potato
5247,determinedli
5248,pepenero
5249,recreat
5250,umbria
5251,mare
5252,conchiglioni
5253,menton
5254,guestroom
5255,slope
5256,hintner
5257,oldani
5258,pure
5259,strengthen
5260,spread
5261,liberti
5262,tailormad
5263,marinad
5264,pantesco
5265,breathtak
5266,tortelloni
5267,unpredict
5268,contron
5269,marc
5270,tapestri
5271,mara
5272,tart
5273,prelud
5274,hunt
5275,minimis
5276,thursday
5277,tidi
5278,catucci
5279,poultri
5280,chard
5281,lardo
5282,race
5283,announc
5284,rasa
5285,duti
5286,11pm
5287,longer
5288,w
5289,sourcherri
5290,twin
5291,ghirlanda
5292,inject
5293,oberhamm
5294,homag
5295,taggiasca
5296,ingredientsfor
5297,stall
5298,terrazza
5299,maltagliati
5300,younger
5301,ortisei
5302,bird
5303,centuryold
5304,129
5305,16c
5306,costantino
5307,sesso
5308,monza
5309,ravenna
5310,energi
5311,conceiv
5312,interestingli
5313,kid
5314,palmento
5315,henc
5316,caretak
5317,true
5318,paves
5319,water
5320,firstfloor
5321,influenc
5322,gae
5323,salina
5324,agnoli
5325,rubik
5326,enoica
5327,creativefuori
5328,speak
5329,vase
5330,send
5331,bohemian
5332,alpinestyl
5333,palluda
5334,dinato
5335,chip
5336,dim
5337,acquedotto
5338,sweetcorn
5339,teramo
5340,jacopo
5341,display
5342,cloud
5343,oxidis
5344,armchair
5345,modernis
5346,contemporari
5347,anyon
5348,wellpractis
5349,personalis
5350,persuad
5351,fortifi
5352,antoni
5353,cerrato
5354,anchor
5355,oristano
5356,blumenstub
5357,sensat
5358,veget
5359,feo
5360,lap
5361,quirinal
5362,cuttaia
5363,yeari
5364,fifteen
5365,cow
5366,loungestyl
5367,orang
5368,sign
5369,courtesi
5370,augusta
5371,cipolla
5372,conserv
5373,friuli
5374,ghedini
5375,dal
5376,venaria
5377,giandomenico
5378,raciti
5379,oro
5380,oneglia
5381,exhaust
5382,carmelo
5383,tufarock
5384,ensur
5385,botan
5386,stellaria
5387,fabio
5388,homeland
5389,ethnic
5390,initi
5391,numerouscicchettitapasstyl
5392,michela
5393,ristournt
5394,girl
5395,cervinia
5396,forest
5397,bottarga
5398,cleverli
5399,dug
5400,pigeon
5401,charismat
5402,gatti
5403,area
5404,fracassi
5405,cacio
5406,marciana
5407,underpin
5408,gastronomi
5409,slice
5410,totano
5411,locali
5412,80
5413,vigezzo
5414,giardino
5415,aircondit
5416,significantli
5417,catherin
5418,haziri
5419,vial
5420,capristyl
5421,hosomaki
5422,margherita
5423,name
5424,companion
5425,iron
5426,fefa
5427,purest
5428,slide
5429,3ha
5430,product
5431,7am
5432,women
5433,restrain
5434,hail
5435,leg
5436,grdnerhof
5437,orob
5438,oldfashion
5439,mangiala
5440,16
5441,nicoletta
5442,fri
5443,kuroda
5444,pescatori
5445,caravello
5446,tomatoflavour
5447,fairytalelik
5448,contemporaneit
5449,herbier
5450,papa
5451,unstuffi
5452,call
5453,gianfilippo
5454,salento
5455,entranc
5456,katia
5457,charleston
5458,1704
5459,euro
5460,amici
5461,brutto
5462,intramontabili
5463,promot
5464,curat
5465,tiberio
5466,workshop
5467,typic
5468,doesnt
5469,brescia
5470,employe
5471,brigida
5472,split
5473,palac
5474,alciati
5475,fastpac
5476,fezzardi
5477,seem
5478,boulder
5479,lombardo
5480,1927
5481,lucki
5482,job
5483,5cours
5484,cut
5485,archestrato
5486,consortium
5487,norma
5488,lillaz
5489,3
5490,garibaldi
5491,quarto
5492,1870
5493,berton
5494,grillo
5495,chapter
5496,jut
5497,gelliu
5498,five
5499,maniago
5500,parquet
5501,wind
5502,trasimeno
5503,fiera
5504,manuel
5505,frediano
5506,impero
5507,mini
5508,venosa
5509,palazzi
5510,plenti
5511,ann
5512,jurist
5513,immers
5514,como
5515,gastrofluvi
5516,truffleflavour
5517,achiev
5518,prioritis
5519,100
5520,grand
5521,indian
5522,marchigiana
5523,note
5524,motto
5525,helm
5526,manag
5527,pallanza
5528,latest
5529,lunch
5530,tyrolean
5531,1919
5532,unit
5533,instagram
5534,consumpt
5535,lamp
5536,attempt
5537,breast
5538,genoes
5539,saorsardin
5540,cuor
5541,busier
5542,lambrusco
5543,torta
5544,blackneroi
5545,austrian
5546,nostra
5547,daosta
5548,castelvetro
5549,coffer
5550,urban
5551,forino
5552,order
5553,paper
5554,featuresarrosticiniskew
5555,previous
5556,persimmon
5557,gala
5558,mark
5559,men
5560,coconut
5561,bottura
5562,lama
5563,loos
5564,rum
5565,alghero
5566,pina
5567,juic
5568,dinner
5569,lui
5570,campanian
5571,showcas
5572,ricchebono
5573,carp
5574,turi
5575,equip
5576,lessknown
5577,task
5578,welltrain
5579,resourc
5580,kind
5581,vineshad
5582,act
5583,asianinfluenc
5584,munzillo
5585,whole
5586,valdarno
5587,langella
5588,50
5589,today
5590,prime
5591,cassinetta
5592,kevin
5593,ortica
5594,afford
5595,20min
5596,manner
5597,natur
5598,ember
5599,third
5600,describ
5601,singl
5602,40year
5603,enthusiasm
5604,home
5605,everyday
5606,intend
5607,agnolotti
5608,hilli
5609,stranger
5610,confit
5611,month
5612,tuesday
5613,alta
5614,cilento
5615,whelk
5616,liquid
5617,sommeli
5618,gourmet
5619,punta
5620,remulass
5621,found
5622,sta
5623,struck
5624,ingredi
5625,maqui
5626,fuss
5627,arca
5628,vie
5629,lend
5630,drago
5631,alpineinfluenc
5632,piacenza
5633,herbert
5634,cultiv
5635,woodpanel
5636,amaranth
5637,champion
5638,fagon
5639,slightli
5640,sapidit
5641,necropoli
5642,hay
5643,dull
5644,valzelli
5645,mysteri
5646,derrico
5647,palagio
5648,kelina
5649,ercol
5650,vermouth
5651,girtler
5652,proxim
5653,rio
5654,carpaccio
5655,mandilli
5656,ripetta
5657,chiaracia
5658,cement
5659,shrimp
5660,crostini
5661,contemporarycumminimalist
5662,wellchosen
5663,level
5664,plate
5665,bun
5666,youv
5667,nondescript
5668,pasticceria
5669,mundo
5670,floor
5671,marta
5672,trento
5673,panorama
5674,argaj
5675,lussuoso
5676,splendour
5677,mupa
5678,wallpap
5679,ferrari
5680,emilian
5681,herbal
5682,gleam
5683,gravit
5684,vallicella
5685,masanti
5686,yolk
5687,icon
5688,comprehens
5689,forio
5690,torr
5691,1952
5692,snowcov
5693,12
5694,capabl
5695,egon
5696,barchessa
5697,adopt
5698,bringoli
5699,adept
5700,circella
5701,right
5702,londr
5703,faveri
5704,mpustarella
5705,bonu
5706,grenier
5707,neapolitan
5708,basilica
5709,proverbi
5710,lori
5711,marra
5712,sixth
5713,ferrara
5714,pineta
5715,egnazia
5716,cannara
5717,vault
5718,neoclass
5719,padana
5720,riscon
5721,elba
5722,layout
5723,rooftop
5724,giacinto
5725,summertim
5726,viaggio
5727,madoni
5728,filippino
5729,rebrand
5730,2km
5731,codol
5732,ibla
5733,vincenzo
5734,runat
5735,outsid
5736,bathroom
5737,suggestionsinclud
5738,velout
5739,size
5740,testa
5741,effort
5742,manduria
5743,ulmo
5744,ziantoni
5745,gestur
5746,geiser
5747,sodano
5748,profession
5749,spoltino
5750,valentia
5751,era
5752,oyster
5753,effici
5754,banfi
5755,bulgari
5756,fame
5757,verona
5758,cavi
5759,ambiental
5760,tastebud
5761,juliet
5762,multicultur
5763,turin
5764,dine
5765,mansion
5766,recycl
5767,portrait
5768,bronzo
5769,nostalg
5770,detail
5771,skill
5772,sip
5773,fennel
5774,augusto
5775,corpo
5776,give
5777,kombucha
5778,polignano
5779,parkland
5780,avenu
5781,partial
5782,surround
5783,reinvent
5784,sein
5785,charcuteri
5786,radiu
5787,smeralda
5788,fell
5789,contamin
5790,access
5791,cornaredo
5792,monti
5793,fontanafredda
5794,gondola
5795,udin
5796,sakali
5797,ciuffetelli
5798,foam
5799,frog
5800,halffri
5801,designerstyl
5802,acquir
5803,loprior
5804,venetian
5805,outli
5806,aptli
5807,imag
5808,masterli
5809,beig
5810,flan
5811,worker
5812,gilmozzi
5813,di
5814,saor
5815,palamita
5816,20
5817,bake
5818,patch
5819,stood
5820,reward
5821,highqual
5822,umbertid
5823,cattl
5824,menusaquafish
5825,po
5826,dent
5827,finer
5828,ionian
5829,scorzonera
5830,bassetti
5831,glaze
5832,circolino
5833,burba
5834,1804
5835,lecc
5836,pavilion
5837,lightli
5838,wellkept
5839,constantli
5840,commerci
5841,nella
5842,diningroom
5843,kuccagna
5844,3cours
5845,nass
5846,wish
5847,ferrero
5848,mosaic
5849,piacentin
5850,upper
5851,truer
5852,roero
5853,pay
5854,libera
5855,plung
5856,bespok
5857,barbistro
5858,marjoram
5859,widespread
5860,hallmark
5861,aristocraci
5862,spend
5863,amidst
5864,24hr
5865,scialatielli
5866,li
5867,wisteriaadorn
5868,stilt
5869,letterina
5870,200
5871,industrialnew
5872,piccion
5873,villanova
5874,loungebar
5875,roofbeam
5876,broken
5877,chicori
5878,gennaro
5879,italo
5880,barcumpasticceria
5881,assunta
5882,jasmin
5883,vegetariano
5884,vedel
5885,pergin
5886,santoro
5887,acquerello
5888,4
5889,lawn
5890,baita
5891,pride
5892,paradis
5893,agnes
5894,early20c
5895,candl
5896,vegetarian
5897,gianluca
5898,felix
5899,tuscan
5900,affreschi
5901,acclaim
5902,san
5903,baldessari
5904,worthi
5905,rossini
5906,export
5907,need
5908,caponata
5909,sesam
5910,coniglio
5911,rocket
5912,unforgett
5913,stew
5914,tild
5915,italia
5916,treat
5917,piemontes
5918,stracciatella
5919,feniletto
5920,filosofi
5921,organis
5922,oneroom
5923,perdomoalso
5924,quattro
5925,ago
5926,cossio
5927,daniela
5928,battuta
5929,meateat
5930,destroy
5931,soav
5932,vasocottura
5933,8pm
5934,bottega
5935,bargellini
5936,karim
5937,aimo
5938,mattia
5939,absolut
5940,bianco
5941,taral
5942,boredom
5943,wellstock
5944,matriciana
5945,cheaper
5946,mine
5947,play
5948,fettuccin
5949,michelin
5950,gargnano
5951,suggestioni
5952,periodstyl
5953,fishbas
5954,top
5955,daria
5956,tomato
5957,chianti
5958,grandios
5959,cucumb
5960,chiefli
5961,laticauda
5962,eatali
5963,moena
5964,tino
5965,reign
5966,cotton
5967,diario
5968,middl
5969,compet
5970,horatio
5971,galleon
5972,bro
5973,girasoli
5974,masala
5975,iva
5976,nutmeg
5977,volterra
5978,evangelista
5979,obstacl
5980,cavallo
5981,natali
5982,robiola
5983,deserv
5984,espelett
5985,church
5986,verg
5987,agerola
5988,locatello
5989,salvia
5990,scratch
5991,oldschool
5992,papi
5993,saltwat
5994,met
5995,ivrea
5996,holzner
5997,ginger
5998,etruscan
5999,sarri
6000,caravaggio
6001,purpos
6002,technolog
6003,savor
6004,lettuc
6005,toritto
6006,hotelrestaur
6007,fare
6008,ponza
6009,infus
6010,stapl
6011,1901
6012,obviou
6013,snack
6014,alcoholfre
6015,clandestino
6016,fli
6017,late
6018,theyll
6019,grifon
6020,blaze
6021,sibillini
6022,chicindustri
6023,locanda
6024,enchant
6025,belltow
6026,el
6027,zerokm
6028,key
6029,hazama
6030,solo
6031,focu
6032,night
6033,screen
6034,ignor
6035,agriturismo
6036,saracca
6037,futura
6038,gardena
6039,specialti
6040,motherandson
6041,hagen
6042,list
6043,flake
6044,tapa
6045,anise
6046,insist
6047,father
6048,60th
6049,pergolashad
6050,snow
6051,scorzon
6052,gilmor
6053,spotlight
6054,flavour
6055,beerlov
6056,succe
6057,grill
6058,atmosphereth
6059,extraordinaryagnolotti
6060,storici
6061,salt
6062,ingiulla
6063,reviv
6064,krnzelhof
6065,must
6066,choic
6067,poggio
6068,costabella
6069,rainer
6070,arancini
6071,lanka
6072,mulberri
6073,advis
6074,gene
6075,cornic
6076,word
6077,ellipsoid
6078,dellorsosemifreddo
6079,solid
6080,fixedpric
6081,iseo
6082,meatbas
6083,bari
6084,hashbe
6085,peninsula
6086,breathtakingli
6087,uliveto
6088,antico
6089,dell
6090,australia
6091,apprentic
6092,expert
6093,sugihara
6094,bono
6095,flexibl
6096,steve
6097,separ
6098,castel
6099,woodadorn
6100,bracali
6101,langosteria
6102,concattedral
6103,camomil
6104,pari
6105,corrado
6106,beurr
6107,acquapartita
6108,element
6109,pork
6110,clever
6111,aroma
6112,england
6113,montebor
6114,hamburg
6115,1880
6116,variat
6117,brembo
6118,polenta
6119,mazzarel
6120,restuar
6121,maison
6122,brother
6123,spring
6124,excellentmad
6125,emilio
6126,andr
6127,roberto
6128,superior
6129,pennisi
6130,ferrares
6131,abroad
6132,grow
6133,lookout
6134,sizzl
6135,comic
6136,ciociaria
6137,pata
6138,temperatur
6139,rome
6140,descript
6141,base
6142,dual
6143,bordighera
6144,california
6145,nearli
6146,andrea
6147,impecc
6148,market
6149,favour
6150,asiago
6151,whitewash
6152,sicignano
6153,dish
6154,plastic
6155,spaghetto
6156,vall
6157,custom
6158,magnum
6159,piedmontes
6160,canino
6161,lloyd
6162,expans
6163,passion
6164,kebab
6165,vallefredda
6166,care
6167,drawback
6168,amusesbouch
6169,ten
6170,23
6171,fishermen
6172,cappelletti
6173,piccolo
6174,neutral
6175,novi
6176,statuett
6177,disappoint
6178,lalbereta
6179,poder
6180,leonardi
6181,sirenus
6182,biolo
6183,beata
6184,inhabit
6185,tabl
6186,profeta
6187,romanstyl
6188,stracchino
6189,movi
6190,mazzorbo
6191,breweri
6192,tordelli
6193,sett
6194,rubiera
6195,montecristo
6196,ricomincio
6197,econom
6198,succumb
6199,apt
6200,donkey
6201,transfer
6202,fenoglio
6203,dello
6204,record
6205,halfbottl
6206,albaro
6207,except
6208,postcard
6209,1959
6210,embark
6211,sacco
6212,meschio
6213,trentini
6214,carri
6215,sparingli
6216,loyal
6217,arnolfo
6218,napolitanstyl
6219,alighiero
6220,montanari
6221,bettelmatt
6222,zeninspir
6223,nobuya
6224,25
6225,elegantli
6226,patti
6227,influenti
6228,pensando
6229,shitak
6230,boffa
6231,macerata
6232,asti
6233,theatric
6234,threemichelinstar
6235,delloglio
6236,brickvault
6237,idylio
6238,armerina
6239,lard
6240,roomaomi
6241,input
6242,twentieth
6243,egg
6244,scampi
6245,industrialstyl
6246,marmo
6247,prodigi
6248,parolina
6249,argentin
6250,cassoeula
6251,uninterrupt
6252,ground
6253,arcad
6254,verandastyl
6255,construct
6256,gate
6257,wooden
6258,pair
6259,there
6260,abl
6261,slovenia
6262,use
6263,pimpernel
6264,emblem
6265,parisian
6266,mission
6267,stone
6268,raftcumplatform
6269,romano
6270,softton
6271,encyclopaed
6272,bestknown
6273,cime
6274,geometr
6275,consider
6276,negrini
6277,sell
6278,oh
6279,thorough
6280,sauna
6281,benso
6282,worth
6283,dama
6284,elegant
6285,west
6286,atyp
6287,take
6288,latt
6289,oak
6290,dellartusi
6291,affogato
6292,countri
6293,hong
6294,cort
6295,greater
6296,dipino
6297,sara
6298,tea
6299,begin
6300,game
6301,knowledg
6302,dice
6303,energet
6304,modo
6305,ricchebuono
6306,secondfloor
6307,spong
6308,candlelight
6309,rivarola
6310,tomatobas
6311,april
6312,bonus
6313,roma
6314,riso
6315,mezzanin
6316,mutual
6317,craftsmen
6318,print
6319,pleasingli
6320,imperatori
6321,highend
6322,dop
6323,exhibit
6324,fussi
6325,1mq
6326,piergiorgio
6327,arcangelo
6328,exclud
6329,bacaro
6330,geograph
6331,biagiola
6332,austria
6333,pastiera
6334,marsala
6335,ora
6336,blanc
6337,undergon
6338,cun
6339,coloni
6340,type
6341,dryston
6342,fort
6343,1442
6344,albavilla
6345,amount
6346,parizzi
6347,curd
6348,ravarotto
6349,wear
6350,1913
6351,librarystyl
6352,quel
6353,map
6354,clock
6355,uncompromis
6356,palaud
6357,cinta
6358,rapolano
6359,marcelin
6360,vinilia
6361,alik
6362,cauliflow
6363,zippl
6364,minimalist
6365,blu
6366,breve
6367,ducass
6368,ribollita
6369,scicli
6370,1850
6371,easter
6372,fruit
6373,costanzo
6374,ceil
6375,ca
6376,harmoni
6377,nurtur
6378,pastri
6379,jealous
6380,selva
6381,erba
6382,candel
6383,warmli
6384,camp
6385,massimo
6386,24monthold
6387,trafficrestrict
6388,focacceria
6389,carbonara
6390,emphasis
6391,wrap
6392,perno
6393,branca
6394,barral
6395,bressan
6396,fernando
6397,usai
6398,pinerolo
6399,lazian
6400,masterpiec
6401,yoji
6402,roia
6403,sweep
6404,yellow
6405,superl
6406,cattaneo
6407,fondazion
6408,strength
6409,kidney
6410,querc
6411,border
6412,weingut
6413,todi
6414,solina
6415,justic
6416,tortellini
6417,zampognaro
6418,laundri
6419,acid
6420,barolo
6421,naturalit
6422,ligurian
6423,marsh
6424,cours
6425,serra
6426,gianfranco
6427,mozzarella
6428,armi
6429,desenzano
6430,alley
6431,bite
6432,burgundystyl
6433,afraid
6434,fulfil
6435,rug
6436,wellmanag
6437,barbaresco
6438,giovanni
6439,ampl
6440,1903
6441,sturgeon
6442,colder
6443,lanteri
6444,sculli
6445,healthi
6446,sliver
6447,verpai
6448,winckel
6449,cir
6450,progress
6451,renaissancestyl
6452,mollica
6453,familyrun
6454,valpolicella
6455,dissect
6456,roofgarden
6457,gener
6458,ctesdurhn
6459,endiv
6460,sfincion
6461,grandma
6462,plan
6463,term
6464,contemporaryalpin
6465,trap
6466,andreina
6467,advanc
6468,ontrend
6469,farnes
6470,medium
6471,cannelloni
6472,neat
6473,certifi
6474,design
6475,later
6476,autumnbas
6477,buchteln
6478,maicol
6479,cauda
6480,basil
6481,pillar
6482,venison
6483,volta
6484,contrast
6485,palladiana
6486,celeriac
6487,cevich
6488,rare
6489,buff
6490,woodsmok
6491,lucan
6492,lofficina
6493,worri
6494,compens
6495,950m
6496,southernmost
6497,rend
6498,800
6499,sultana
6500,perna
6501,lopez
6502,proudli
6503,michelangelo
6504,arrosticini
6505,lavezzini
6506,verdant
6507,chop
6508,stilla
6509,gift
6510,delicaci
6511,pavan
6512,pino
6513,grain
6514,bistrorestaur
6515,petra
6516,umeboshi
6517,10cours
6518,asou
6519,talent
6520,1985
6521,sweden
6522,liqueur
6523,piselli
6524,taco
6525,mediev
6526,preboggion
6527,alga
6528,shadi
6529,relai
6530,gaio
6531,decad
6532,birth
6533,rosemaryflavour
6534,vecchia
6535,resort
6536,horseradish
6537,marches
6538,fun
6539,inherit
6540,reimund
6541,venezia
6542,melandri
6543,cascinalenuovo
6544,culmin
6545,klugmann
6546,small
6547,mengoni
6548,snowcat
6549,camiano
6550,metronom
6551,vulcanello
6552,offida
6553,befit
6554,given
6555,piz
6556,parliament
6557,reliabl
6558,kindergarten
6559,trove
6560,windsor
6561,cap
6562,maurizio
6563,disappear
6564,toceno
6565,region
6566,chic
6567,dioces
6568,fenicottero
6569,schttelbrot
6570,narrow
6571,spimpolo
6572,repres
6573,nissen
6574,nitto
6575,solaria
6576,impronta
6577,desiderio
6578,adorn
6579,spirit
6580,post
6581,scordo
6582,mediterraneanstyl
6583,olmo
6584,84
6585,gaze
6586,flower
6587,substanti
6588,pierantonio
6589,chang
6590,coachhous
6591,000
6592,watch
6593,koji
6594,cairo
6595,veal
6596,allarnei
6597,andora
6598,rovetta
6599,landmark
6600,vero
6601,barbera
6602,symbolis
6603,pock
6604,kept
6605,warm
6606,delicato
6607,antinori
6608,vertic
6609,luppi
6610,smokyflavour
6611,balbianello
6612,bergamasca
6613,broad
6614,andpetraded
6615,soverato
6616,foie
6617,francescana
6618,network
6619,miss
6620,price
6621,scandinavian
6622,produttori
6623,positano
6624,virgilio
6625,restaurantown
6626,giano
6627,less
6628,parmigiana
6629,frill
6630,gamay
6631,sardin
6632,equal
6633,deliv
6634,thinnest
6635,verandadin
6636,carpigiani
6637,trentinomenu
6638,restor
6639,sharp
6640,nordic
6641,car
6642,tower
6643,planet
6644,world
6645,modena
6646,noli
6647,burnt
6648,poet
6649,didnt
6650,vendemmia
6651,lead
6652,resound
6653,intellig
6654,nuovo
6655,indulg
6656,weekday
6657,nonalcohol
6658,ditalia
6659,almost
6660,nation
6661,duomo
6662,peruvian
6663,want
6664,teraman
6665,rosita
6666,pave
6667,adig
6668,marrow
6669,artisti
6670,santino
6671,spezia
6672,quickli
6673,rear
6674,team
6675,beacon
6676,kratter
6677,cantafio
6678,fluffi
6679,bolliti
6680,mart
6681,bottoni
6682,sit
6683,brais
6684,poor
6685,troop
6686,minori
6687,cheeselov
6688,scuncilli
6689,matr
6690,major
6691,muscat
6692,anch
6693,quintilio
6694,diner
6695,mislead
6696,willing
6697,enel
6698,jewel
6699,ottagono
6700,patricia
6701,castlehamlet
6702,145
6703,sulladda
6704,gone
6705,negra
6706,christian
6707,musciora
6708,mora
6709,outoftown
6710,1250
6711,petriolo
6712,1126
6713,italianstyl
6714,ventr
6715,gnocchi
6716,occhiovivo
6717,icehous
6718,punt
6719,imprint
6720,crest
6721,campidano
6722,tondo
6723,franciacorta
6724,mi
6725,mushroom
6726,bluh
6727,santagata
6728,refuge
6729,known
6730,ricegrow
6731,recharg
6732,bocca
6733,jerusalem
6734,frati
6735,live
6736,fritter
6737,quintogusto
6738,guarneri
6739,rock
6740,fish
6741,powderflavour
6742,swordfish
6743,courmayeur
6744,freshest
6745,hope
6746,homeproduc
6747,barg
6748,dialogu
6749,tarallo
6750,wit
6751,hide
6752,attanasio
6753,share
6754,anchovybas
6755,libero
6756,opitergium
6757,general
6758,degli
6759,catinaccio
6760,process
6761,outskirt
6762,hibiscu
6763,malcesin
6764,quadrilater
6765,pizzi
6766,stafler
6767,cappellaccio
6768,sustain
6769,ham
6770,mediterraneaninfluenc
6771,shortag
6772,2010
6773,orchestra
6774,topqual
6775,tyrol
6776,andi
6777,mouss
6778,clich
6779,subdu
6780,urbino
6781,attabl
6782,bagno
6783,stagion
6784,stabl
6785,romeo
6786,inexhaust
6787,passignano
6788,origin
6789,castelpoto
6790,zabajon
6791,crescenzo
6792,velveti
6793,pi
6794,januariu
6795,theodor
6796,stress
6797,listin
6798,supper
6799,catalogu
6800,coppa
6801,000m
6802,evergrow
6803,powder
6804,mint
6805,fill
6806,holidaymak
6807,contagi
6808,zannon
6809,reheat
6810,european
6811,outdoor
6812,parallel
6813,wisteriashad
6814,fritti
6815,solopiemont
6816,made
6817,pasta
6818,onion
6819,silva
6820,bank
6821,charm
6822,radish
6823,baglieri
6824,elm
6825,model
6826,oldofredi
6827,longestablish
6828,pescocostanzo
6829,essenziali
6830,slogan
6831,capac
6832,bucol
6833,perspect
6834,bouillabaiss
6835,cervia
6836,candi
6837,autist
6838,fil
6839,greek
6840,1997
6841,byblo
6842,rebellion
6843,pisarei
6844,expertli
6845,quintero
6846,weav
6847,7cours
6848,sakai
6849,explos
6850,damalfi
6851,long
6852,heritag
6853,remodel
6854,postindustri
6855,caciucco
6856,manuelina
6857,kuppelrain
6858,marecchia
6859,dalla
6860,magnolia
6861,eponym
6862,choos
6863,disheswith
6864,climb
6865,cappon
6866,monterozzi
6867,welcom
6868,wonder
6869,canzian
6870,pap
6871,degan
6872,sophist
6873,hoc
6874,giardinetto
6875,marko
6876,accept
6877,truffl
6878,canapino
6879,bertini
6880,meinspir
6881,pacenza
6882,1920
6883,migliaccio
6884,carpentri
6885,ostuni
6886,view
6887,menuof
6888,naturalwood
6889,2014
6890,laquila
6891,etra
6892,tench
6893,loaf
6894,mediumstructur
6895,tuscanstyl
6896,forst
6897,laccanto
6898,urchin
6899,handwritten
6900,ciasa
6901,stunningli
6902,camaldoli
6903,supplement
6904,affect
6905,cane
6906,flute
6907,risotto
6908,tuscaninspir
6909,fabbrica
6910,gastro
6911,cedron
6912,laigueglia
6913,baciadonn
6914,box
6915,melania
6916,deservedli
6917,standard
6918,massucco
6919,breuilcervinia
6920,owe
6921,borgobrufa
6922,fewer
6923,contribut
6924,gnudi
6925,trendier
6926,uphil
6927,tilia
6928,taurasi
6929,eastern
6930,farmyard
6931,roman
6932,moreno
6933,await
6934,heat
6935,dome
6936,would
6937,whet
6938,demonstr
6939,vares
6940,howev
6941,archaeolog
6942,chandeli
6943,color
6944,balconi
6945,sassolungo
6946,prati
6947,palermo
6948,domenico
6949,florenc
6950,he
6951,everpres
6952,alberto
6953,regret
6954,panissa
6955,napoleon
6956,ivano
6957,badia
6958,abbazia
6959,boast
6960,qcina
6961,abli
6962,vs
6963,andbonetprovid
6964,secret
6965,pharmaci
6966,varella
6967,feltrinelli
6968,mazzoleni
6969,arva
6970,maschio
6971,tiberini
6972,file
6973,ravinetto
6974,rosina
6975,matresommeli
6976,piatti
6977,capelli
6978,staf
6979,nicolini
6980,astonish
6981,till
6982,lippi
6983,revel
6984,vibo
6985,scallop
6986,seat
6987,observ
6988,verbano
6989,terracecumgarden
6990,crespi
6991,tradizion
6992,bruxaboschi
6993,giada
6994,dialect
6995,shape
6996,refer
6997,impass
6998,crowd
6999,antonia
7000,unlimit
7001,bo
7002,brown
7003,santuario
7004,logo
7005,torrisi
7006,100m
7007,granaio
7008,seta
7009,doubt
7010,giasra
7011,forerunn
7012,couscou
7013,umbrichelli
7014,attach
7015,errico
7016,bonfadini
7017,frontofhous
7018,homemad
7019,1
7020,decorazioni
7021,nonna
7022,line
7023,perfect
7024,cefal
7025,tool
7026,shade
7027,terracina
7028,mescafrancesca
7029,connoisseur
7030,brick
7031,ecosystem
7032,unknown
7033,close
7034,1933
7035,excellentcostoletta
7036,normal
7037,diffuso
7038,verit
7039,author
7040,fourcours
7041,artist
7042,terrac
7043,aromat
7044,cassata
7045,aforement
7046,depend
7047,treasur
7048,20km
7049,angiolucci
7050,arno
7051,latter
7052,al
7053,si
7054,niederkofl
7055,miramonti
7056,feria
7057,portes
7058,6cours
7059,cantinon
7060,blancal
7061,martin
7062,salti
7063,yacht
7064,palai
7065,salama
7066,alassio
7067,grocer
7068,bigoli
7069,vittorio
7070,papavero
7071,eliseo
7072,fingerfood
7073,lukewarm
7074,guilio
7075,cimbron
7076,laden
7077,memori
7078,evid
7079,mantuan
7080,una
7081,last
7082,yorkstyl
7083,scalo
7084,rose
7085,gallipoli
7086,remi
7087,layer
7088,leoni
7089,lavazza
7090,restructur
7091,remot
7092,airaudo
7093,9pm
7094,amaron
7095,higher
7096,meantim
7097,bear
7098,flag
7099,ownership
7100,downtoearth
7101,vite
7102,lesina
7103,synonym
7104,trotter
7105,entertain
7106,nib
7107,ran
7108,subject
7109,revolutionari
7110,ristorant
7111,nobl
7112,nazioni
7113,servic
7114,mamma
7115,spinachfil
7116,decis
7117,salicornia
7118,forgotten
7119,trapani
7120,calabrianborn
7121,urquiola
7122,replac
7123,tempt
7124,chose
7125,relic
7126,dant
7127,passag
7128,68
7129,da
7130,greencolour
7131,ciotti
7132,flamingo
7133,appetit
7134,grottino
7135,chat
7136,arezzo
7137,wellrun
7138,kelp
7139,pepe
7140,orlando
7141,adjust
7142,aquila
7143,dellosteria
7144,svevo
7145,sailboat
7146,betancourt
7147,target
7148,leopoldo
7149,royalhotel
7150,pompanin
7151,naxo
7152,mantra
7153,baja
7154,70
7155,tooth
7156,coco
7157,histor
7158,shabbi
7159,red
7160,tano
7161,faith
7162,skimp
7163,mostli
7164,stroll
7165,theyv
7166,vill
7167,hurri
7168,delizi
7169,savarin
7170,suriano
7171,entrecot
7172,royal
7173,transpar
7174,patio
7175,risen
7176,minim
7177,sourc
7178,scottojonno
7179,thetortellini
7180,benjamin
7181,specialist
7182,porta
7183,serva
7184,vinei
7185,fowl
7186,flourish
7187,schingaro
7188,gipponi
7189,sformato
7190,harvest
7191,neighbour
7192,informal
7193,iannotti
7194,botania
7195,learnt
7196,cosi
7197,granari
7198,forti
7199,inspector
7200,schlosswirt
7201,1602
7202,conveni
7203,giardini
7204,teapot
7205,streetfood
7206,snapper
7207,madama
7208,metalwork
7209,count
7210,luigia
7211,ruin
7212,fiorentinaopt
7213,ai
7214,withpiadineflatbread
7215,exchang
7216,bellotti
7217,castl
7218,genuin
7219,engag
7220,porchettastyl
7221,got
7222,ovenbak
7223,activ
7224,festiv
7225,acreid
7226,vucciria
7227,predominantli
7228,cohes
7229,carignano
7230,gin
7231,1984
7232,dolomieu
7233,canap
7234,piazza
7235,beach
7236,grape
7237,paint
7238,semicircular
7239,volcan
7240,revolutionis
7241,air
7242,lake
7243,petrosino
7244,bress
7245,monfettini
7246,celebr
7247,monasteri
7248,sosta
7249,tedeschi
7250,bad
7251,1940
7252,accord
7253,stanc
7254,corfu
7255,intensifi
7256,refin
7257,abou
7258,cala
7259,lean
7260,strict
7261,inmat
7262,obvious
7263,immacolata
7264,intens
7265,vastes
7266,cipriani
7267,usual
7268,omaggio
7269,fabrizio
7270,fan
7271,banish
7272,linen
7273,respit
7274,circular
7275,provenienti
7276,driver
7277,11am10pm
7278,inform
7279,period
7280,antipasto
7281,stelio
7282,aminta
7283,300
7284,visconti
7285,biancu
7286,modern
7287,picturesqu
7288,silkworm
7289,baldassar
7290,gulfi
7291,pear
7292,ami
7293,wholeheartedli
7294,subtl
7295,rocchetti
7296,cortina
7297,vine
7298,fork
7299,giardiniera
7300,restaur
7301,valpantena
7302,pell
7303,municip
7304,whiski
7305,brandacujun
7306,dolom
7307,verdur
7308,chefpatron
7309,golf
7310,rita
7311,mercato
7312,penultim
7313,stelvio
7314,experienc
7315,older
7316,antonini
7317,mascia
7318,coupl
7319,baronetto
7320,potent
7321,deep
7322,proposta
7323,psych
7324,hosteria
7325,montefalco
7326,bream
7327,glad
7328,social
7329,clitunno
7330,architect
7331,advertis
7332,19842024
7333,1906
7334,leandro
7335,aubergin
7336,eas
7337,cordero
7338,amo
7339,benedetto
7340,linguaglossa
7341,sangioves
7342,15km
7343,novo
7344,show
7345,exquisitepanzerotti
7346,soy
7347,warrior
7348,viu
7349,gentl
7350,brighten
7351,porch
7352,vesta
7353,greet
7354,shell
7355,prino
7356,cosmopolitan
7357,pois
7358,bagni
7359,duca
7360,early19c
7361,capricciosa
7362,durnwald
7363,whim
7364,suckl
7365,famousgallegaandwagyu
7366,convert
7367,mecca
7368,express
7369,burrida
7370,fatherandson
7371,catch
7372,simpl
7373,cannaregio
7374,ordinari
7375,grano
7376,supervis
7377,mandarin
7378,tassa
7379,homegrown
7380,gualdo
7381,archway
7382,marin
7383,finedin
7384,lifelong
7385,falzarego
7386,principl
7387,moura
7388,suili
7389,gian
7390,laqua
7391,filindeu
7392,traditionalstyl
7393,pomodoro
7394,intrusi
7395,quit
7396,standout
7397,resembl
7398,plankton
7399,stock
7400,salumi
7401,pepp
7402,protect
7403,bike
7404,doorway
7405,part
7406,tiglio
7407,sini
7408,bisqu
7409,extend
7410,harbour
7411,prove
7412,bergeretto
7413,pizzeria
7414,perticara
7415,busa
7416,sudden
7417,fermo
7418,tche
7419,prompt
7420,tistot
7421,fabul
7422,real
7423,chamber
7424,remain
7425,onto
7426,effortlessli
7427,haut
7428,porcelain
7429,ciro
7430,alleyway
7431,giandujotto
7432,lose
7433,18ha
7434,taster
7435,vergin
7436,port
7437,nigiri
7438,propriet
7439,six
7440,essenti
7441,peppino
7442,24
7443,firma
7444,certainli
7445,1960
7446,crumbl
7447,faccani
7448,facil
7449,smoker
7450,seneca
7451,sauvignon
7452,alessandria
7453,pra
7454,pineappl
7455,spectacl
7456,faad
7457,toast
7458,swap
7459,tagliolini
7460,saut
7461,eclect
7462,mari
7463,franc
7464,thread
7465,amberjack
7466,2018
7467,sfoglia
7468,second
7469,miseria
7470,delic
7471,duchess
7472,continu
7473,backdrop
7474,enorm
7475,rebosio
7476,fragsburg
7477,mentor
7478,trip
7479,2022
7480,stephan
7481,admir
7482,sawmil
7483,ricordi
7484,bruzzon
7485,olbia
7486,calandr
7487,coquu
7488,tantalis
7489,fasano
7490,tranquil
7491,lichen
7492,adnzia
7493,nardini
7494,barisano
7495,wagyubeef
7496,dogfish
7497,marostica
7498,woodfir
7499,chaotic
7500,nowher
7501,annamaria
7502,chapel
7503,accolla
7504,boccadass
7505,trail
7506,capitano
7507,pumpkin
7508,cookwar
7509,tri
7510,piemont
7511,cartene
7512,peopl
7513,fusillon
7514,iorio
7515,latini
7516,nice
7517,tack
7518,lino
7519,baccal
7520,combin
7521,sorbir
7522,brodofil
7523,bob
7524,mid1800
7525,sunday
7526,pistoletto
7527,seabream
7528,sassari
7529,giovan
7530,ivana
7531,tripe
7532,barn
7533,cerreto
7534,bloom
7535,cappelli
7536,workmanship
7537,spent
7538,caserta
7539,bowerman
7540,corbara
7541,local
7542,carrara
7543,collect
7544,spici
7545,varignana
7546,crescendo
7547,fool
7548,machin
7549,alserio
7550,typifi
7551,sambuca
7552,sooth
7553,miso
7554,va
7555,tortuga
7556,ruffl
7557,faraglioni
7558,finger
7559,attimi
7560,child
7561,excess
7562,granit
7563,krapf
7564,upon
7565,1949
7566,versatil
7567,letter
7568,durat
7569,ciambella
7570,constant
7571,justli
7572,erb
7573,patron
7574,entri
7575,doze
7576,madonnina
7577,friendship
7578,firmli
7579,compatriot
7580,manger
7581,mareand
7582,flee
7583,dellimperator
7584,librari
7585,zaki
7586,woodinspir
7587,taglienti
7588,atmospher
7589,angelo
7590,preciou
7591,praiano
7592,vesuviu
7593,sappada
7594,yeast
7595,stack
7596,traditionalist
7597,corona
7598,pine
7599,firework
7600,partli
7601,extens
7602,phrase
7603,sci
7604,stefano
7605,placemat
7606,stair
7607,sicilian
7608,parma
7609,12c
7610,oliv
7611,old
7612,tozuppa
7613,luchino
7614,intertwin
7615,chignola
7616,campobello
7617,profil
7618,sacchi
7619,dryag
7620,valazza
7621,tajarin
7622,costarella
7623,assur
7624,conjur
7625,americano
7626,venezuela
7627,sowthistl
7628,bistro
7629,zeno
7630,bodi
7631,nerina
7632,frt
7633,inedita
7634,cerami
7635,branch
7636,fiori
7637,martella
7638,sangro
7639,savouri
7640,cross
7641,circularbas
7642,account
7643,probiz
7644,rino
7645,houseonstilt
7646,calledexperi
7647,1930
7648,caribbean
7649,legendari
7650,aviano
7651,shortest
7652,venu
7653,particip
7654,mancini
7655,liveli
7656,hang
7657,24month
7658,drawn
7659,tivoliadriano
7660,imperi
7661,alpeggio
7662,cre
7663,pannicolo
7664,pud
7665,besana
7666,cerver
7667,hall
7668,lakeshor
7669,grandi
7670,adami
7671,cannoli
7672,sand
7673,jame
7674,artisticcultur
7675,tenuta
7676,juri
7677,bladder
7678,ladininspir
7679,push
7680,town
7681,collina
7682,marzio
7683,find
7684,1895
7685,brisket
7686,minut
7687,longhini
7688,ceraudo
7689,frequent
7690,cycl
7691,expos
7692,consist
7693,genoa
7694,depot
7695,martina
7696,societi
7697,brandnew
7698,pomegran
7699,rialto
7700,bestlov
7701,chestnutflour
7702,centr
7703,murano
7704,spelt
7705,closeknit
7706,bartolucci
7707,radici
7708,moment
7709,extraordinarili
7710,belli
7711,tufa
7712,manzoni
7713,mano
7714,extravag
7715,peca
7716,hush
7717,hassler
7718,nonfish
7719,1300
7720,devetak
7721,uruguay
7722,freshwat
7723,asia
7724,taverna
7725,insid
7726,american
7727,stile
7728,tuscani
7729,su
7730,varieti
7731,venetianstyl
7732,fasolato
7733,situat
7734,rather
7735,poppi
7736,brescian
7737,gavi
7738,earn
7739,patienc
7740,yet
7741,support
7742,dobbiaco
7743,lack
7744,pastur
7745,sila
7746,taratat
7747,interpret
7748,abund
7749,confus
7750,mussel
7751,magic
7752,pergola
7753,boar
7754,nive
7755,lunigiana
7756,travertin
7757,your
7758,interest
7759,bergamot
